GLAM Project,,,,,,,,
NASA/GSFC/GIMMS,,,,,,,,
USDA/FAS/IPAD,,,,,,,,
Created on Sat Mar  4 01:32:52 UTC 2017,,,,,,,,
SAT,Terra EOS AM,,,,,,,
PRODUCT,MODIS NDVI 8-day,,,,,,,
MEAN,2001-2011,,,,,,,
MASK,NASS_2010_barley,,,,,,,
SHAPE,ADM,,,,,,,
ID(s),27504,,,,,,,
ORDINAL DATE,START DATE,END DATE,SOURCE,SAMPLE VALUE,SAMPLE COUNT,MEAN VALUE,MEAN COUNT,ANOM VALUE
2000-049,2/18/00,2/25/00,STD,0.036,4,0.157,3516,-0.121
2000-057,2/26/00,3/4/00,STD,0.149,3426,0.149,3516,0
2000-065,3/5/00,3/12/00,STD,0.146,3311,0.149,3516,-0.003
2000-073,3/13/00,3/20/00,STD,0.141,3038,0.147,3516,-0.006
2000-081,3/21/00,3/28/00,STD,0.149,3516,0.154,3516,-0.005
2000-089,3/29/00,4/5/00,STD,0.152,3514,0.153,3516,-0.001
2000-097,4/6/00,4/13/00,STD,0.15,3516,0.157,3516,-0.007
2000-105,4/14/00,4/21/00,STD,0.163,3505,0.165,3516,-0.002
2000-113,4/22/00,4/29/00,STD,0.202,2290,0.173,3516,0.029
2000-121,4/30/00,5/7/00,STD,0.223,3397,0.196,3516,0.027
2000-129,5/8/00,5/15/00,STD,0.249,3502,0.227,3516,0.022
2000-137,5/16/00,5/23/00,STD,0.387,3493,0.297,3516,0.09
2000-145,5/24/00,5/31/00,STD,0.482,3443,0.37,3516,0.112
2000-153,6/1/00,6/8/00,STD,0.519,3471,0.432,3516,0.087
2000-161,6/9/00,6/16/00,STD,0.562,3492,0.471,3516,0.091
2000-169,6/17/00,6/24/00,STD,0.58,3503,0.512,3516,0.068
2000-177,6/25/00,7/2/00,STD,0.677,3359,0.57,3516,0.107
2000-185,7/3/00,7/10/00,STD,0.708,3506,0.663,3516,0.045
2000-193,7/11/00,7/18/00,STD,0.739,3459,0.718,3516,0.021
2000-201,7/19/00,7/26/00,STD,0.734,3499,0.725,3516,0.009
2000-209,7/27/00,8/3/00,STD,0.636,3512,0.672,3516,-0.036
2000-217,8/4/00,8/11/00,STD,#N/A,#N/A,0.612,3516,#N/A
2000-225,8/12/00,8/19/00,STD,0.459,3262,0.525,3516,-0.066
2000-233,8/20/00,8/27/00,STD,0.413,3509,0.451,3516,-0.038
2000-241,8/28/00,9/4/00,STD,0.36,3504,0.377,3516,-0.017
2000-249,9/5/00,9/12/00,STD,0.312,3489,0.321,3516,-0.009
2000-257,9/13/00,9/20/00,STD,0.28,3511,0.285,3516,-0.005
2000-265,9/21/00,9/28/00,STD,0.276,3516,0.262,3516,0.014
2000-273,9/29/00,10/6/00,STD,0.262,3513,0.254,3516,0.008
2000-281,10/7/00,10/14/00,STD,0.261,3516,0.247,3516,0.014
2000-289,10/15/00,10/22/00,STD,0.249,3516,0.239,3516,0.01
2000-297,10/23/00,10/30/00,STD,0.248,3361,0.228,3516,0.02
2000-305,10/31/00,11/7/00,STD,0.25,880,0.214,3516,0.036
2000-313,11/8/00,11/15/00,STD,0.246,2477,0.208,3516,0.038
2000-321,11/16/00,11/23/00,STD,0.232,1500,0.192,3516,0.04
2000-329,11/24/00,12/1/00,STD,0.188,2796,0.188,3515,0
2000-337,12/2/00,12/9/00,STD,0.198,1622,0.179,3499,0.019
2000-345,12/10/00,12/17/00,STD,0.197,941,0.186,3358,0.011
2000-353,12/18/00,12/25/00,STD,0.213,346,0.19,2956,0.023
2000-361,12/26/00,1/2/01,STD,0.177,1641,0.185,3419,-0.008
2001-001,1/1/01,1/8/01,STD,0.176,1669,0.176,2423,0
2001-009,1/9/01,1/16/01,STD,0.182,1348,0.177,2357,0.005
2001-017,1/17/01,1/24/01,STD,#N/A,#N/A,0.173,2754,#N/A
2001-025,1/25/01,2/1/01,STD,0.131,9,0.17,3347,-0.039
2001-033,2/2/01,2/9/01,STD,0.181,265,0.173,1924,0.008
2001-041,2/10/01,2/17/01,STD,0.157,443,0.156,3465,0.001
2001-049,2/18/01,2/25/01,STD,0.152,1226,0.157,3516,-0.005
2001-057,2/26/01,3/5/01,STD,0.133,220,0.149,3516,-0.016
2001-065,3/6/01,3/13/01,STD,0.147,1399,0.149,3516,-0.002
2001-073,3/14/01,3/21/01,STD,0.151,3198,0.147,3516,0.004
2001-081,3/22/01,3/29/01,STD,0.156,3367,0.154,3516,0.002
2001-089,3/30/01,4/6/01,STD,0.15,3516,0.153,3516,-0.003
2001-097,4/7/01,4/14/01,STD,0.163,3516,0.157,3516,0.006
2001-105,4/15/01,4/22/01,STD,0.169,3515,0.165,3516,0.004
2001-113,4/23/01,4/30/01,STD,0.185,3516,0.173,3516,0.012
2001-121,5/1/01,5/8/01,STD,0.22,3516,0.196,3516,0.024
2001-129,5/9/01,5/16/01,STD,0.277,3462,0.227,3516,0.05
2001-137,5/17/01,5/24/01,STD,0.39,3515,0.297,3516,0.093
2001-145,5/25/01,6/1/01,STD,0.45,3501,0.37,3516,0.08
2001-153,6/2/01,6/9/01,STD,0.452,3516,0.432,3516,0.02
2001-161,6/10/01,6/17/01,STD,0.472,3516,0.471,3516,0.001
2001-169,6/18/01,6/25/01,STD,#N/A,#N/A,0.512,3516,#N/A
2001-177,6/26/01,7/3/01,STD,#N/A,#N/A,0.57,3516,#N/A
2001-185,7/4/01,7/11/01,STD,0.656,3497,0.663,3516,-0.007
2001-193,7/12/01,7/19/01,STD,0.76,3441,0.718,3516,0.042
2001-201,7/20/01,7/27/01,STD,0.74,3508,0.725,3516,0.015
2001-209,7/28/01,8/4/01,STD,0.71,3512,0.672,3516,0.038
2001-217,8/5/01,8/12/01,STD,0.664,3514,0.612,3516,0.052
2001-225,8/13/01,8/20/01,STD,0.598,3516,0.525,3516,0.073
2001-233,8/21/01,8/28/01,STD,0.534,3516,0.451,3516,0.083
2001-241,8/29/01,9/5/01,STD,0.437,3510,0.377,3516,0.06
2001-249,9/6/01,9/13/01,STD,0.342,3516,0.321,3516,0.021
2001-257,9/14/01,9/21/01,STD,0.303,3516,0.285,3516,0.018
2001-265,9/22/01,9/29/01,STD,0.28,3516,0.262,3516,0.018
2001-273,9/30/01,10/7/01,STD,0.281,3516,0.254,3516,0.027
2001-281,10/8/01,10/15/01,STD,0.272,3424,0.247,3516,0.025
2001-289,10/16/01,10/23/01,STD,0.254,3516,0.239,3516,0.015
2001-297,10/24/01,10/31/01,STD,0.246,3516,0.228,3516,0.018
2001-305,11/1/01,11/8/01,STD,0.235,3486,0.214,3516,0.021
2001-313,11/9/01,11/16/01,STD,0.233,3512,0.208,3516,0.025
2001-321,11/17/01,11/24/01,STD,0.223,3458,0.192,3516,0.031
2001-329,11/25/01,12/2/01,STD,#N/A,#N/A,0.188,3515,#N/A
2001-337,12/3/01,12/10/01,STD,0.248,216,0.179,3499,0.069
2001-345,12/11/01,12/18/01,STD,0.164,288,0.186,3358,-0.022
2001-353,12/19/01,12/26/01,STD,0.179,98,0.19,2956,-0.011
2001-361,12/27/01,1/3/02,STD,0.18,799,0.185,3419,-0.005
2002-001,1/1/02,1/8/02,STD,0.17,126,0.176,2423,-0.006
2002-009,1/9/02,1/16/02,STD,0.236,16,0.177,2357,0.059
2002-017,1/17/02,1/24/02,STD,0.187,49,0.173,2754,0.014
2002-025,1/25/02,2/1/02,STD,0.167,64,0.17,3347,-0.003
2002-033,2/2/02,2/9/02,STD,0.124,239,0.173,1924,-0.049
2002-041,2/10/02,2/17/02,STD,0.144,1223,0.156,3465,-0.012
2002-049,2/18/02,2/25/02,STD,0.159,2479,0.157,3516,0.002
2002-057,2/26/02,3/5/02,STD,0.174,141,0.149,3516,0.025
2002-065,3/6/02,3/13/02,STD,0.139,2724,0.149,3516,-0.01
2002-073,3/14/02,3/21/02,STD,0.148,3422,0.147,3516,0.001
2002-081,3/22/02,3/29/02,STD,0.161,3516,0.154,3516,0.007
2002-089,3/30/02,4/6/02,STD,0.148,3516,0.153,3516,-0.005
2002-097,4/7/02,4/14/02,STD,0.165,3514,0.157,3516,0.008
2002-105,4/15/02,4/22/02,STD,0.186,2366,0.165,3516,0.021
2002-113,4/23/02,4/30/02,STD,0.179,3489,0.173,3516,0.006
2002-121,5/1/02,5/8/02,STD,0.209,3514,0.196,3516,0.013
2002-129,5/9/02,5/16/02,STD,0.277,3499,0.227,3516,0.05
2002-137,5/17/02,5/24/02,STD,0.373,3508,0.297,3516,0.076
2002-145,5/25/02,6/1/02,STD,0.458,3415,0.37,3516,0.088
2002-153,6/2/02,6/9/02,STD,0.538,3516,0.432,3516,0.106
2002-161,6/10/02,6/17/02,STD,0.564,3516,0.471,3516,0.093
2002-169,6/18/02,6/25/02,STD,0.576,3516,0.512,3516,0.064
2002-177,6/26/02,7/3/02,STD,0.627,3516,0.57,3516,0.057
2002-185,7/4/02,7/11/02,STD,0.703,3409,0.663,3516,0.04
2002-193,7/12/02,7/19/02,STD,0.686,3516,0.718,3516,-0.032
2002-201,7/20/02,7/27/02,STD,0.648,3504,0.725,3516,-0.077
2002-209,7/28/02,8/4/02,STD,0.586,3506,0.672,3516,-0.086
2002-217,8/5/02,8/12/02,STD,0.488,3516,0.612,3516,-0.124
2002-225,8/13/02,8/20/02,STD,0.432,3499,0.525,3516,-0.093
2002-233,8/21/02,8/28/02,STD,0.388,3516,0.451,3516,-0.063
2002-241,8/29/02,9/5/02,STD,0.345,3508,0.377,3516,-0.032
2002-249,9/6/02,9/13/02,STD,0.318,3481,0.321,3516,-0.003
2002-257,9/14/02,9/21/02,STD,0.304,3516,0.285,3516,0.019
2002-265,9/22/02,9/29/02,STD,0.299,3514,0.262,3516,0.037
2002-273,9/30/02,10/7/02,STD,0.294,3515,0.254,3516,0.04
2002-281,10/8/02,10/15/02,STD,0.291,3494,0.247,3516,0.044
2002-289,10/16/02,10/23/02,STD,0.278,3507,0.239,3516,0.039
2002-297,10/24/02,10/31/02,STD,0.268,3405,0.228,3516,0.04
2002-305,11/1/02,11/8/02,STD,0.24,3174,0.214,3516,0.026
2002-313,11/9/02,11/16/02,STD,0.251,942,0.208,3516,0.043
2002-321,11/17/02,11/24/02,STD,0.204,3385,0.192,3516,0.012
2002-329,11/25/02,12/2/02,STD,0.195,3182,0.188,3515,0.007
2002-337,12/3/02,12/10/02,STD,0.253,194,0.179,3499,0.074
2002-345,12/11/02,12/18/02,STD,0.23,306,0.186,3358,0.044
2002-353,12/19/02,12/26/02,STD,0.214,385,0.19,2956,0.024
2002-361,12/27/02,1/3/03,STD,0.198,522,0.185,3419,0.013
2003-001,1/1/03,1/8/03,STD,0.193,1009,0.176,2423,0.017
2003-009,1/9/03,1/16/03,STD,0.175,738,0.177,2357,-0.002
2003-017,1/17/03,1/24/03,STD,0.159,1062,0.173,2754,-0.014
2003-025,1/25/03,2/1/03,STD,0.164,1375,0.17,3347,-0.006
2003-033,2/2/03,2/9/03,STD,0.192,366,0.173,1924,0.019
2003-041,2/10/03,2/17/03,STD,0.151,2769,0.156,3465,-0.005
2003-049,2/18/03,2/25/03,STD,0.162,2499,0.157,3516,0.005
2003-057,2/26/03,3/5/03,STD,0.145,1960,0.149,3516,-0.004
2003-065,3/6/03,3/13/03,STD,0.154,3438,0.149,3516,0.005
2003-073,3/14/03,3/21/03,STD,0.15,3514,0.147,3516,0.003
2003-081,3/22/03,3/29/03,STD,0.158,3193,0.154,3516,0.004
2003-089,3/30/03,4/6/03,STD,0.148,3486,0.153,3516,-0.005
2003-097,4/7/03,4/14/03,STD,0.151,3501,0.157,3516,-0.006
2003-105,4/15/03,4/22/03,STD,0.165,3516,0.165,3516,0
2003-113,4/23/03,4/30/03,STD,0.175,3489,0.173,3516,0.002
2003-121,5/1/03,5/8/03,STD,0.228,3260,0.196,3516,0.032
2003-129,5/9/03,5/16/03,STD,0.224,3514,0.227,3516,-0.003
2003-137,5/17/03,5/24/03,STD,0.31,3488,0.297,3516,0.013
2003-145,5/25/03,6/1/03,STD,0.369,3419,0.37,3516,-0.001
2003-153,6/2/03,6/9/03,STD,0.387,3512,0.432,3516,-0.045
2003-161,6/10/03,6/17/03,STD,0.423,3515,0.471,3516,-0.048
2003-169,6/18/03,6/25/03,STD,0.459,3477,0.512,3516,-0.053
2003-177,6/26/03,7/3/03,STD,0.478,3516,0.57,3516,-0.092
2003-185,7/4/03,7/11/03,STD,0.578,3516,0.663,3516,-0.085
2003-193,7/12/03,7/19/03,STD,0.667,3513,0.718,3516,-0.051
2003-201,7/20/03,7/27/03,STD,0.695,3514,0.725,3516,-0.03
2003-209,7/28/03,8/4/03,STD,0.644,3496,0.672,3516,-0.028
2003-217,8/5/03,8/12/03,STD,0.592,3514,0.612,3516,-0.02
2003-225,8/13/03,8/20/03,STD,0.553,3482,0.525,3516,0.028
2003-233,8/21/03,8/28/03,STD,0.478,3474,0.451,3516,0.027
2003-241,8/29/03,9/5/03,STD,0.389,3050,0.377,3516,0.012
2003-249,9/6/03,9/13/03,STD,0.342,3516,0.321,3516,0.021
2003-257,9/14/03,9/21/03,STD,0.317,3516,0.285,3516,0.032
2003-265,9/22/03,9/29/03,STD,0.271,3505,0.262,3516,0.009
2003-273,9/30/03,10/7/03,STD,0.265,3514,0.254,3516,0.011
2003-281,10/8/03,10/15/03,STD,0.266,3516,0.247,3516,0.019
2003-289,10/16/03,10/23/03,STD,0.25,3322,0.239,3516,0.011
2003-297,10/24/03,10/31/03,STD,0.242,3356,0.228,3516,0.014
2003-305,11/1/03,11/8/03,STD,0.219,3368,0.214,3516,0.005
2003-313,11/9/03,11/16/03,STD,0.224,3129,0.208,3516,0.016
2003-321,11/17/03,11/24/03,STD,0.229,1956,0.192,3516,0.037
2003-329,11/25/03,12/2/03,STD,0.276,583,0.188,3515,0.088
2003-337,12/3/03,12/10/03,STD,0.203,1600,0.179,3499,0.024
2003-345,12/11/03,12/18/03,STD,0.217,149,0.186,3358,0.031
2003-353,12/19/03,12/26/03,STD,0.252,2,0.19,2956,0.062
2003-361,12/27/03,1/3/04,STD,0.195,44,0.185,3419,0.01
2004-001,1/1/04,1/8/04,STD,0.174,338,0.176,2423,-0.002
2004-009,1/9/04,1/16/04,STD,0.192,360,0.177,2357,0.015
2004-017,1/17/04,1/24/04,STD,0.172,1691,0.173,2754,-0.001
2004-025,1/25/04,2/1/04,STD,0.133,4,0.17,3347,-0.037
2004-033,2/2/04,2/9/04,STD,#N/A,#N/A,0.173,1924,#N/A
2004-041,2/10/04,2/17/04,STD,#N/A,#N/A,0.156,3465,#N/A
2004-049,2/18/04,2/25/04,STD,0.117,17,0.157,3516,-0.04
2004-057,2/26/04,3/4/04,STD,0.131,448,0.149,3516,-0.018
2004-065,3/5/04,3/12/04,STD,0.148,3087,0.149,3516,-0.001
2004-073,3/13/04,3/20/04,STD,0.147,3516,0.147,3516,0
2004-081,3/21/04,3/28/04,STD,0.155,3516,0.154,3516,0.001
2004-089,3/29/04,4/5/04,STD,0.163,3516,0.153,3516,0.01
2004-097,4/6/04,4/13/04,STD,0.184,3478,0.157,3516,0.027
2004-105,4/14/04,4/21/04,STD,0.188,3398,0.165,3516,0.023
2004-113,4/22/04,4/29/04,STD,0.203,3516,0.173,3516,0.03
2004-121,4/30/04,5/7/04,STD,0.228,3516,0.196,3516,0.032
2004-129,5/8/04,5/15/04,STD,0.282,3507,0.227,3516,0.055
2004-137,5/16/04,5/23/04,STD,0.347,2888,0.297,3516,0.05
2004-145,5/24/04,5/31/04,STD,0.414,3516,0.37,3516,0.044
2004-153,6/1/04,6/8/04,STD,0.496,3515,0.432,3516,0.064
2004-161,6/9/04,6/16/04,STD,0.54,3478,0.471,3516,0.069
2004-169,6/17/04,6/24/04,STD,0.548,3514,0.512,3516,0.036
2004-177,6/25/04,7/2/04,STD,0.596,2991,0.57,3516,0.026
2004-185,7/3/04,7/10/04,STD,0.663,3516,0.663,3516,0
2004-193,7/11/04,7/18/04,STD,0.722,3513,0.718,3516,0.004
2004-201,7/19/04,7/26/04,STD,0.746,3515,0.725,3516,0.021
2004-209,7/27/04,8/3/04,STD,0.636,3514,0.672,3516,-0.036
2004-217,8/4/04,8/11/04,STD,0.567,3516,0.612,3516,-0.045
2004-225,8/12/04,8/19/04,STD,0.507,3438,0.525,3516,-0.018
2004-233,8/20/04,8/27/04,STD,0.471,3514,0.451,3516,0.02
2004-241,8/28/04,9/4/04,STD,0.392,3516,0.377,3516,0.015
2004-249,9/5/04,9/12/04,STD,0.342,3516,0.321,3516,0.021
2004-257,9/13/04,9/20/04,STD,0.31,3516,0.285,3516,0.025
2004-265,9/21/04,9/28/04,STD,0.27,3516,0.262,3516,0.008
2004-273,9/29/04,10/6/04,STD,0.256,3516,0.254,3516,0.002
2004-281,10/7/04,10/14/04,STD,0.254,3516,0.247,3516,0.007
2004-289,10/15/04,10/22/04,STD,0.255,3515,0.239,3516,0.016
2004-297,10/23/04,10/30/04,STD,0.239,3449,0.228,3516,0.011
2004-305,10/31/04,11/7/04,STD,0.22,3429,0.214,3516,0.006
2004-313,11/8/04,11/15/04,STD,0.216,3354,0.208,3516,0.008
2004-321,11/16/04,11/23/04,STD,0.194,3308,0.192,3516,0.002
2004-329,11/24/04,12/1/04,STD,0.214,424,0.188,3515,0.026
2004-337,12/2/04,12/9/04,STD,0.203,126,0.179,3499,0.024
2004-345,12/10/04,12/17/04,STD,0.2,1836,0.186,3358,0.014
2004-353,12/18/04,12/25/04,STD,0.184,1978,0.19,2956,-0.006
2004-361,12/26/04,1/2/05,STD,0.186,3328,0.185,3419,0.001
2005-001,1/1/05,1/8/05,STD,0.206,185,0.176,2423,0.03
2005-009,1/9/05,1/16/05,STD,0.211,157,0.177,2357,0.034
2005-017,1/17/05,1/24/05,STD,0.186,1275,0.173,2754,0.013
2005-025,1/25/05,2/1/05,STD,0.19,1990,0.17,3347,0.02
2005-033,2/2/05,2/9/05,STD,0.206,48,0.173,1924,0.033
2005-041,2/10/05,2/17/05,STD,0.178,1884,0.156,3465,0.022
2005-049,2/18/05,2/25/05,STD,0.165,3230,0.157,3516,0.008
2005-057,2/26/05,3/5/05,STD,0.15,3408,0.149,3516,0.001
2005-065,3/6/05,3/13/05,STD,0.152,3510,0.149,3516,0.003
2005-073,3/14/05,3/21/05,STD,0.153,1324,0.147,3516,0.006
2005-081,3/22/05,3/29/05,STD,0.16,3509,0.154,3516,0.006
2005-089,3/30/05,4/6/05,STD,0.167,3516,0.153,3516,0.014
2005-097,4/7/05,4/14/05,STD,0.167,3481,0.157,3516,0.01
2005-105,4/15/05,4/22/05,STD,0.18,3516,0.165,3516,0.015
2005-113,4/23/05,4/30/05,STD,0.199,3432,0.173,3516,0.026
2005-121,5/1/05,5/8/05,STD,0.231,3115,0.196,3516,0.035
2005-129,5/9/05,5/16/05,STD,0.257,3509,0.227,3516,0.03
2005-137,5/17/05,5/24/05,STD,0.316,3504,0.297,3516,0.019
2005-145,5/25/05,6/1/05,STD,0.363,3516,0.37,3516,-0.007
2005-153,6/2/05,6/9/05,STD,0.397,3516,0.432,3516,-0.035
2005-161,6/10/05,6/17/05,STD,0.411,3516,0.471,3516,-0.06
2005-169,6/18/05,6/25/05,STD,0.463,3515,0.512,3516,-0.049
2005-177,6/26/05,7/3/05,STD,0.546,3516,0.57,3516,-0.024
2005-185,7/4/05,7/11/05,STD,0.648,3516,0.663,3516,-0.015
2005-193,7/12/05,7/19/05,STD,0.707,3516,0.718,3516,-0.011
2005-201,7/20/05,7/27/05,STD,0.712,3512,0.725,3516,-0.013
2005-209,7/28/05,8/4/05,STD,0.672,3516,0.672,3516,0
2005-217,8/5/05,8/12/05,STD,0.646,3493,0.612,3516,0.034
2005-225,8/13/05,8/20/05,STD,0.593,3513,0.525,3516,0.068
2005-233,8/21/05,8/28/05,STD,0.509,3509,0.451,3516,0.058
2005-241,8/29/05,9/5/05,STD,0.442,3409,0.377,3516,0.065
2005-249,9/6/05,9/13/05,STD,0.382,3500,0.321,3516,0.061
2005-257,9/14/05,9/21/05,STD,0.297,3516,0.285,3516,0.012
2005-265,9/22/05,9/29/05,STD,0.288,3506,0.262,3516,0.026
2005-273,9/30/05,10/7/05,STD,0.277,3516,0.254,3516,0.023
2005-281,10/8/05,10/15/05,STD,0.267,3516,0.247,3516,0.02
2005-289,10/16/05,10/23/05,STD,0.27,3516,0.239,3516,0.031
2005-297,10/24/05,10/31/05,STD,0.273,3425,0.228,3516,0.045
2005-305,11/1/05,11/8/05,STD,0.243,3502,0.214,3516,0.029
2005-313,11/9/05,11/16/05,STD,0.267,2317,0.208,3516,0.059
2005-321,11/17/05,11/24/05,STD,0.208,3504,0.192,3516,0.016
2005-329,11/25/05,12/2/05,STD,0.252,1224,0.188,3515,0.064
2005-337,12/3/05,12/10/05,STD,0.21,1759,0.179,3499,0.031
2005-345,12/11/05,12/18/05,STD,0.218,1554,0.186,3358,0.032
2005-353,12/19/05,12/26/05,STD,0.205,1780,0.19,2956,0.015
2005-361,12/27/05,1/3/06,STD,0.227,524,0.185,3419,0.042
2006-001,1/1/06,1/8/06,STD,0.226,562,0.176,2423,0.05
2006-009,1/9/06,1/16/06,STD,0.198,1077,0.177,2357,0.021
2006-017,1/17/06,1/24/06,STD,0.202,597,0.173,2754,0.029
2006-025,1/25/06,2/1/06,STD,0.18,654,0.17,3347,0.01
2006-033,2/2/06,2/9/06,STD,0.172,1319,0.173,1924,-0.001
2006-041,2/10/06,2/17/06,STD,0.147,2202,0.156,3465,-0.009
2006-049,2/18/06,2/25/06,STD,0.142,2398,0.157,3516,-0.015
2006-057,2/26/06,3/5/06,STD,0.146,3268,0.149,3516,-0.003
2006-065,3/6/06,3/13/06,STD,0.144,3284,0.149,3516,-0.005
2006-073,3/14/06,3/21/06,STD,0.143,3502,0.147,3516,-0.004
2006-081,3/22/06,3/29/06,STD,0.148,2784,0.154,3516,-0.006
2006-089,3/30/06,4/6/06,STD,0.152,3500,0.153,3516,-0.001
2006-097,4/7/06,4/14/06,STD,0.144,3516,0.157,3516,-0.013
2006-105,4/15/06,4/22/06,STD,0.147,3479,0.165,3516,-0.018
2006-113,4/23/06,4/30/06,STD,0.145,3516,0.173,3516,-0.028
2006-121,5/1/06,5/8/06,STD,0.153,3516,0.196,3516,-0.043
2006-129,5/9/06,5/16/06,STD,0.189,3500,0.227,3516,-0.038
2006-137,5/17/06,5/24/06,STD,0.257,3441,0.297,3516,-0.04
2006-145,5/25/06,6/1/06,STD,0.349,3516,0.37,3516,-0.021
2006-153,6/2/06,6/9/06,STD,0.421,3510,0.432,3516,-0.011
2006-161,6/10/06,6/17/06,STD,0.474,3516,0.471,3516,0.003
2006-169,6/18/06,6/25/06,STD,0.503,3516,0.512,3516,-0.009
2006-177,6/26/06,7/3/06,STD,0.553,3516,0.57,3516,-0.017
2006-185,7/4/06,7/11/06,STD,0.62,3486,0.663,3516,-0.043
2006-193,7/12/06,7/19/06,STD,0.676,3516,0.718,3516,-0.042
2006-201,7/20/06,7/27/06,STD,0.693,3494,0.725,3516,-0.032
2006-209,7/28/06,8/4/06,STD,0.636,3452,0.672,3516,-0.036
2006-217,8/5/06,8/12/06,STD,0.539,3496,0.612,3516,-0.073
2006-225,8/13/06,8/20/06,STD,0.495,3504,0.525,3516,-0.03
2006-233,8/21/06,8/28/06,STD,0.382,3514,0.451,3516,-0.069
2006-241,8/29/06,9/5/06,STD,0.353,3514,0.377,3516,-0.024
2006-249,9/6/06,9/13/06,STD,0.326,3516,0.321,3516,0.005
2006-257,9/14/06,9/21/06,STD,0.284,3516,0.285,3516,-0.001
2006-265,9/22/06,9/29/06,STD,0.254,3516,0.262,3516,-0.008
2006-273,9/30/06,10/7/06,STD,0.251,2791,0.254,3516,-0.003
2006-281,10/8/06,10/15/06,STD,0.26,3516,0.247,3516,0.013
2006-289,10/16/06,10/23/06,STD,0.248,3499,0.239,3516,0.009
2006-297,10/24/06,10/31/06,STD,0.232,3514,0.228,3516,0.004
2006-305,11/1/06,11/8/06,STD,0.223,3487,0.214,3516,0.009
2006-313,11/9/06,11/16/06,STD,0.211,3464,0.208,3516,0.003
2006-321,11/17/06,11/24/06,STD,0.197,3500,0.192,3516,0.005
2006-329,11/25/06,12/2/06,STD,0.182,3162,0.188,3515,-0.006
2006-337,12/3/06,12/10/06,STD,0.183,2249,0.179,3499,0.004
2006-345,12/11/06,12/18/06,STD,0.178,826,0.186,3358,-0.008
2006-353,12/19/06,12/26/06,STD,#N/A,#N/A,0.19,2956,#N/A
2006-361,12/27/06,1/3/07,STD,#N/A,#N/A,0.185,3419,#N/A
2007-001,1/1/07,1/8/07,STD,#N/A,#N/A,0.176,2423,#N/A
2007-009,1/9/07,1/16/07,STD,0.199,44,0.177,2357,0.022
2007-017,1/17/07,1/24/07,STD,#N/A,#N/A,0.173,2754,#N/A
2007-025,1/25/07,2/1/07,STD,#N/A,#N/A,0.17,3347,#N/A
2007-033,2/2/07,2/9/07,STD,#N/A,#N/A,0.173,1924,#N/A
2007-041,2/10/07,2/17/07,STD,0.185,85,0.156,3465,0.029
2007-049,2/18/07,2/25/07,STD,0.189,358,0.157,3516,0.032
2007-057,2/26/07,3/5/07,STD,0.185,278,0.149,3516,0.036
2007-065,3/6/07,3/13/07,STD,0.159,3296,0.149,3516,0.01
2007-073,3/14/07,3/21/07,STD,0.156,3366,0.147,3516,0.009
2007-081,3/22/07,3/29/07,STD,0.168,3511,0.154,3516,0.014
2007-089,3/30/07,4/6/07,STD,0.172,3460,0.153,3516,0.019
2007-097,4/7/07,4/14/07,STD,0.181,2542,0.157,3516,0.024
2007-105,4/15/07,4/22/07,STD,0.179,3516,0.165,3516,0.014
2007-113,4/23/07,4/30/07,STD,0.189,3514,0.173,3516,0.016
2007-121,5/1/07,5/8/07,STD,0.224,3369,0.196,3516,0.028
2007-129,5/9/07,5/16/07,STD,0.247,3505,0.227,3516,0.02
2007-137,5/17/07,5/24/07,STD,0.302,3353,0.297,3516,0.005
2007-145,5/25/07,6/1/07,STD,0.342,3516,0.37,3516,-0.028
2007-153,6/2/07,6/9/07,STD,0.402,3485,0.432,3516,-0.03
2007-161,6/10/07,6/17/07,STD,0.395,3506,0.471,3516,-0.076
2007-169,6/18/07,6/25/07,STD,0.437,3516,0.512,3516,-0.075
2007-177,6/26/07,7/3/07,STD,0.52,3507,0.57,3516,-0.05
2007-185,7/4/07,7/11/07,STD,0.645,3515,0.663,3516,-0.018
2007-193,7/12/07,7/19/07,STD,0.729,3516,0.718,3516,0.011
2007-201,7/20/07,7/27/07,STD,0.763,3492,0.725,3516,0.038
2007-209,7/28/07,8/4/07,STD,0.73,3516,0.672,3516,0.058
2007-217,8/5/07,8/12/07,STD,0.686,3516,0.612,3516,0.074
2007-225,8/13/07,8/20/07,STD,0.564,3516,0.525,3516,0.039
2007-233,8/21/07,8/28/07,STD,0.468,3515,0.451,3516,0.017
2007-241,8/29/07,9/5/07,STD,0.377,3515,0.377,3516,0
2007-249,9/6/07,9/13/07,STD,0.326,3486,0.321,3516,0.005
2007-257,9/14/07,9/21/07,STD,0.303,3516,0.285,3516,0.018
2007-265,9/22/07,9/29/07,STD,0.276,3516,0.262,3516,0.014
2007-273,9/30/07,10/7/07,STD,0.242,3516,0.254,3516,-0.012
2007-281,10/8/07,10/15/07,STD,0.229,3516,0.247,3516,-0.018
2007-289,10/16/07,10/23/07,STD,0.215,3516,0.239,3516,-0.024
2007-297,10/24/07,10/31/07,STD,0.205,3516,0.228,3516,-0.023
2007-305,11/1/07,11/8/07,STD,0.194,3516,0.214,3516,-0.02
2007-313,11/9/07,11/16/07,STD,0.193,3241,0.208,3516,-0.015
2007-321,11/17/07,11/24/07,STD,0.209,1345,0.192,3516,0.017
2007-329,11/25/07,12/2/07,STD,0.21,213,0.188,3515,0.022
2007-337,12/3/07,12/10/07,STD,0.178,2674,0.179,3499,-0.001
2007-345,12/11/07,12/18/07,STD,#N/A,#N/A,0.186,3358,#N/A
2007-353,12/19/07,12/26/07,STD,#N/A,#N/A,0.19,2956,#N/A
2007-361,12/27/07,1/3/08,STD,#N/A,#N/A,0.185,3419,#N/A
2008-001,1/1/08,1/8/08,STD,0.116,2,0.176,2423,-0.06
2008-009,1/9/08,1/16/08,STD,#N/A,#N/A,0.177,2357,#N/A
2008-017,1/17/08,1/24/08,STD,#N/A,#N/A,0.173,2754,#N/A
2008-025,1/25/08,2/1/08,STD,#N/A,#N/A,0.17,3347,#N/A
2008-033,2/2/08,2/9/08,STD,#N/A,#N/A,0.173,1924,#N/A
2008-041,2/10/08,2/17/08,STD,0.163,138,0.156,3465,0.007
2008-049,2/18/08,2/25/08,STD,0.161,41,0.157,3516,0.004
2008-057,2/26/08,3/4/08,STD,0.18,127,0.149,3516,0.031
2008-065,3/5/08,3/12/08,STD,0.171,459,0.149,3516,0.022
2008-073,3/13/08,3/20/08,STD,0.167,935,0.147,3516,0.02
2008-081,3/21/08,3/28/08,STD,0.149,3319,0.154,3516,-0.005
2008-089,3/29/08,4/5/08,STD,0.156,3516,0.153,3516,0.003
2008-097,4/6/08,4/13/08,STD,0.151,3516,0.157,3516,-0.006
2008-105,4/14/08,4/21/08,STD,0.16,3516,0.165,3516,-0.005
2008-113,4/22/08,4/29/08,STD,0.167,3516,0.173,3516,-0.006
2008-121,4/30/08,5/7/08,STD,0.179,3511,0.196,3516,-0.017
2008-129,5/8/08,5/15/08,STD,0.208,3381,0.227,3516,-0.019
2008-137,5/16/08,5/23/08,STD,0.28,3510,0.297,3516,-0.017
2008-145,5/24/08,5/31/08,STD,0.393,3516,0.37,3516,0.023
2008-153,6/1/08,6/8/08,STD,0.495,3516,0.432,3516,0.063
2008-161,6/9/08,6/16/08,STD,0.551,3516,0.471,3516,0.08
2008-169,6/17/08,6/24/08,STD,0.626,3516,0.512,3516,0.114
2008-177,6/25/08,7/2/08,STD,0.648,3514,0.57,3516,0.078
2008-185,7/3/08,7/10/08,STD,0.719,3516,0.663,3516,0.056
2008-193,7/11/08,7/18/08,STD,0.743,3328,0.718,3516,0.025
2008-201,7/19/08,7/26/08,STD,0.776,3414,0.725,3516,0.051
2008-209,7/27/08,8/3/08,STD,0.674,3507,0.672,3516,0.002
2008-217,8/4/08,8/11/08,STD,0.652,3405,0.612,3516,0.04
2008-225,8/12/08,8/19/08,STD,0.498,3516,0.525,3516,-0.027
2008-233,8/20/08,8/27/08,STD,0.448,3427,0.451,3516,-0.003
2008-241,8/28/08,9/4/08,STD,0.359,3516,0.377,3516,-0.018
2008-249,9/5/08,9/12/08,STD,0.316,3498,0.321,3516,-0.005
2008-257,9/13/08,9/20/08,STD,0.265,3516,0.285,3516,-0.02
2008-265,9/21/08,9/28/08,STD,0.265,3516,0.262,3516,0.003
2008-273,9/29/08,10/6/08,STD,0.257,3516,0.254,3516,0.003
2008-281,10/7/08,10/14/08,STD,0.243,3516,0.247,3516,-0.004
2008-289,10/15/08,10/22/08,STD,0.235,3506,0.239,3516,-0.004
2008-297,10/23/08,10/30/08,STD,0.196,3516,0.228,3516,-0.032
2008-305,10/31/08,11/7/08,STD,0.18,3007,0.214,3516,-0.034
2008-313,11/8/08,11/15/08,STD,0.189,2775,0.208,3516,-0.019
2008-321,11/16/08,11/23/08,STD,0.166,3197,0.192,3516,-0.026
2008-329,11/24/08,12/1/08,STD,0.19,2904,0.188,3515,0.002
2008-337,12/2/08,12/9/08,STD,0.171,1702,0.179,3499,-0.008
2008-345,12/10/08,12/17/08,STD,#N/A,#N/A,0.186,3358,#N/A
2008-353,12/18/08,12/25/08,STD,0.223,23,0.19,2956,0.033
2008-361,12/26/08,1/2/09,STD,0.131,2,0.185,3419,-0.054
2009-001,1/1/09,1/8/09,STD,#N/A,#N/A,0.176,2423,#N/A
2009-009,1/9/09,1/16/09,STD,0.146,2,0.177,2357,-0.031
2009-017,1/17/09,1/24/09,STD,0.175,41,0.173,2754,0.002
2009-025,1/25/09,2/1/09,STD,0.171,31,0.17,3347,0.001
2009-033,2/2/09,2/9/09,STD,0.184,243,0.173,1924,0.011
2009-041,2/10/09,2/17/09,STD,0.162,44,0.156,3465,0.006
2009-049,2/18/09,2/25/09,STD,0.156,715,0.157,3516,-0.001
2009-057,2/26/09,3/5/09,STD,0.158,1766,0.149,3516,0.009
2009-065,3/6/09,3/13/09,STD,0.15,2940,0.149,3516,0.001
2009-073,3/14/09,3/21/09,STD,0.145,3516,0.147,3516,-0.002
2009-081,3/22/09,3/29/09,STD,0.145,3509,0.154,3516,-0.009
2009-089,3/30/09,4/6/09,STD,0.144,3502,0.153,3516,-0.009
2009-097,4/7/09,4/14/09,STD,0.147,3516,0.157,3516,-0.01
2009-105,4/15/09,4/22/09,STD,0.148,3516,0.165,3516,-0.017
2009-113,4/23/09,4/30/09,STD,0.162,3481,0.173,3516,-0.011
2009-121,5/1/09,5/8/09,STD,0.19,3509,0.196,3516,-0.006
2009-129,5/9/09,5/16/09,STD,0.185,3512,0.227,3516,-0.042
2009-137,5/17/09,5/24/09,STD,0.219,3476,0.297,3516,-0.078
2009-145,5/25/09,6/1/09,STD,0.342,3508,0.37,3516,-0.028
2009-153,6/2/09,6/9/09,STD,0.38,3503,0.432,3516,-0.052
2009-161,6/10/09,6/17/09,STD,0.424,3509,0.471,3516,-0.047
2009-169,6/18/09,6/25/09,STD,0.435,3511,0.512,3516,-0.077
2009-177,6/26/09,7/3/09,STD,0.599,3464,0.57,3516,0.029
2009-185,7/4/09,7/11/09,STD,0.687,3516,0.663,3516,0.024
2009-193,7/12/09,7/19/09,STD,0.738,3516,0.718,3516,0.02
2009-201,7/20/09,7/27/09,STD,0.747,3481,0.725,3516,0.022
2009-209,7/28/09,8/4/09,STD,0.732,3516,0.672,3516,0.06
2009-217,8/5/09,8/12/09,STD,0.693,3516,0.612,3516,0.081
2009-225,8/13/09,8/20/09,STD,0.555,3504,0.525,3516,0.03
2009-233,8/21/09,8/28/09,STD,0.502,3516,0.451,3516,0.051
2009-241,8/29/09,9/5/09,STD,0.405,3439,0.377,3516,0.028
2009-249,9/6/09,9/13/09,STD,0.305,3442,0.321,3516,-0.016
2009-257,9/14/09,9/21/09,STD,0.273,3516,0.285,3516,-0.012
2009-265,9/22/09,9/29/09,STD,0.229,3516,0.262,3516,-0.033
2009-273,9/30/09,10/7/09,STD,0.208,3516,0.254,3516,-0.046
2009-281,10/8/09,10/15/09,STD,0.192,3514,0.247,3516,-0.055
2009-289,10/16/09,10/23/09,STD,0.181,3516,0.239,3516,-0.058
2009-297,10/24/09,10/31/09,STD,0.201,3091,0.228,3516,-0.027
2009-305,11/1/09,11/8/09,STD,0.164,3451,0.214,3516,-0.05
2009-313,11/9/09,11/16/09,STD,0.151,2479,0.208,3516,-0.057
2009-321,11/17/09,11/24/09,STD,0.153,2819,0.192,3516,-0.039
2009-329,11/25/09,12/2/09,STD,0.147,3424,0.188,3515,-0.041
2009-337,12/3/09,12/10/09,STD,0.146,1793,0.179,3499,-0.033
2009-345,12/11/09,12/18/09,STD,0.146,56,0.186,3358,-0.04
2009-353,12/19/09,12/26/09,STD,0.134,325,0.19,2956,-0.056
2009-361,12/27/09,1/3/10,STD,0.141,137,0.185,3419,-0.044
2010-001,1/1/10,1/8/10,STD,0.128,738,0.176,2423,-0.048
2010-009,1/9/10,1/16/10,STD,0.142,345,0.177,2357,-0.035
2010-017,1/17/10,1/24/10,STD,0.141,83,0.173,2754,-0.032
2010-025,1/25/10,2/1/10,STD,0.21,9,0.17,3347,0.04
2010-033,2/2/10,2/9/10,STD,#N/A,#N/A,0.173,1924,#N/A
2010-041,2/10/10,2/17/10,STD,0.138,46,0.156,3465,-0.018
2010-049,2/18/10,2/25/10,STD,0.135,55,0.157,3516,-0.022
2010-057,2/26/10,3/5/10,STD,0.151,738,0.149,3516,0.002
2010-065,3/6/10,3/13/10,STD,0.146,1580,0.149,3516,-0.003
2010-073,3/14/10,3/21/10,STD,0.134,2541,0.147,3516,-0.013
2010-081,3/22/10,3/29/10,STD,0.143,2779,0.154,3516,-0.011
2010-089,3/30/10,4/6/10,STD,0.139,2776,0.153,3516,-0.014
2010-097,4/7/10,4/14/10,STD,0.136,3510,0.157,3516,-0.021
2010-105,4/15/10,4/22/10,STD,0.149,2915,0.165,3516,-0.016
2010-113,4/23/10,4/30/10,STD,0.151,3429,0.173,3516,-0.022
2010-121,5/1/10,5/8/10,STD,0.15,3516,0.196,3516,-0.046
2010-129,5/9/10,5/16/10,STD,0.177,3516,0.227,3516,-0.05
2010-137,5/17/10,5/24/10,STD,0.251,3480,0.297,3516,-0.046
2010-145,5/25/10,6/1/10,STD,0.356,3516,0.37,3516,-0.014
2010-153,6/2/10,6/9/10,STD,0.498,3510,0.432,3516,0.066
2010-161,6/10/10,6/17/10,STD,0.588,3513,0.471,3516,0.117
2010-169,6/18/10,6/25/10,STD,0.661,3516,0.512,3516,0.149
2010-177,6/26/10,7/3/10,STD,0.633,3512,0.57,3516,0.063
2010-185,7/4/10,7/11/10,STD,0.748,3515,0.663,3516,0.085
2010-193,7/12/10,7/19/10,STD,0.769,3516,0.718,3516,0.051
2010-201,7/20/10,7/27/10,STD,0.746,3431,0.725,3516,0.021
2010-209,7/28/10,8/4/10,STD,0.674,3264,0.672,3516,0.002
2010-217,8/5/10,8/12/10,STD,0.595,3486,0.612,3516,-0.017
2010-225,8/13/10,8/20/10,STD,0.393,3516,0.525,3516,-0.132
2010-233,8/21/10,8/28/10,STD,0.323,3462,0.451,3516,-0.128
2010-241,8/29/10,9/5/10,STD,0.274,3516,0.377,3516,-0.103
2010-249,9/6/10,9/13/10,STD,0.232,3510,0.321,3516,-0.089
2010-257,9/14/10,9/21/10,STD,0.218,3516,0.285,3516,-0.067
2010-265,9/22/10,9/29/10,STD,0.221,3516,0.262,3516,-0.041
2010-273,9/30/10,10/7/10,STD,0.242,3516,0.254,3516,-0.012
2010-281,10/8/10,10/15/10,STD,0.242,3479,0.247,3516,-0.005
2010-289,10/16/10,10/23/10,STD,0.242,3516,0.239,3516,0.003
2010-297,10/24/10,10/31/10,STD,0.212,3499,0.228,3516,-0.016
2010-305,11/1/10,11/8/10,STD,0.197,3516,0.214,3516,-0.017
2010-313,11/9/10,11/16/10,STD,0.185,3151,0.208,3516,-0.023
2010-321,11/17/10,11/24/10,STD,0.172,2325,0.192,3516,-0.02
2010-329,11/25/10,12/2/10,STD,0.181,1121,0.188,3515,-0.007
2010-337,12/3/10,12/10/10,STD,0.159,2643,0.179,3499,-0.02
2010-345,12/11/10,12/18/10,STD,0.16,3137,0.186,3358,-0.026
2010-353,12/19/10,12/26/10,STD,0.186,1376,0.19,2956,-0.004
2010-361,12/27/10,1/3/11,STD,0.167,1015,0.185,3419,-0.018
2011-001,1/1/11,1/8/11,STD,0.153,592,0.176,2423,-0.023
2011-009,1/9/11,1/16/11,STD,0.148,991,0.177,2357,-0.029
2011-017,1/17/11,1/24/11,STD,0.157,827,0.173,2754,-0.016
2011-025,1/25/11,2/1/11,STD,0.156,2936,0.17,3347,-0.014
2011-033,2/2/11,2/9/11,STD,0.191,33,0.173,1924,0.018
2011-041,2/10/11,2/17/11,STD,0.163,619,0.156,3465,0.007
2011-049,2/18/11,2/25/11,STD,0.153,2583,0.157,3516,-0.004
2011-057,2/26/11,3/5/11,STD,0.142,2580,0.149,3516,-0.007
2011-065,3/6/11,3/13/11,STD,0.145,3516,0.149,3516,-0.004
2011-073,3/14/11,3/21/11,STD,0.141,3496,0.147,3516,-0.006
2011-081,3/22/11,3/29/11,STD,0.142,3516,0.154,3516,-0.012
2011-089,3/30/11,4/6/11,STD,0.143,3370,0.153,3516,-0.01
2011-097,4/7/11,4/14/11,STD,0.148,3503,0.157,3516,-0.009
2011-105,4/15/11,4/22/11,STD,0.147,3510,0.165,3516,-0.018
2011-113,4/23/11,4/30/11,STD,0.152,3516,0.173,3516,-0.021
2011-121,5/1/11,5/8/11,STD,0.154,3507,0.196,3516,-0.042
2011-129,5/9/11,5/16/11,STD,0.169,3514,0.227,3516,-0.058
2011-137,5/17/11,5/24/11,STD,0.206,2508,0.297,3516,-0.091
2011-145,5/25/11,6/1/11,STD,0.235,3493,0.37,3516,-0.135
2011-153,6/2/11,6/9/11,STD,0.286,3514,0.432,3516,-0.146
2011-161,6/10/11,6/17/11,STD,0.346,3516,0.471,3516,-0.125
2011-169,6/18/11,6/25/11,STD,0.409,3515,0.512,3516,-0.103
2011-177,6/26/11,7/3/11,STD,0.503,3516,0.57,3516,-0.067
2011-185,7/4/11,7/11/11,STD,0.628,3428,0.663,3516,-0.035
2011-193,7/12/11,7/19/11,STD,0.705,3516,0.718,3516,-0.013
2011-201,7/20/11,7/27/11,STD,0.712,3467,0.725,3516,-0.013
2011-209,7/28/11,8/4/11,STD,0.697,3439,0.672,3516,0.025
2011-217,8/5/11,8/12/11,STD,0.612,3516,0.612,3516,0
2011-225,8/13/11,8/20/11,STD,0.585,3339,0.525,3516,0.06
2011-233,8/21/11,8/28/11,STD,0.458,3508,0.451,3516,0.007
2011-241,8/29/11,9/5/11,STD,0.381,3457,0.377,3516,0.004
2011-249,9/6/11,9/13/11,STD,0.3,3490,0.321,3516,-0.021
2011-257,9/14/11,9/21/11,STD,0.259,3516,0.285,3516,-0.026
2011-265,9/22/11,9/29/11,STD,0.229,3512,0.262,3516,-0.033
2011-273,9/30/11,10/7/11,STD,0.223,3482,0.254,3516,-0.031
2011-281,10/8/11,10/15/11,STD,0.205,3397,0.247,3516,-0.042
2011-289,10/16/11,10/23/11,STD,0.202,3516,0.239,3516,-0.037
2011-297,10/24/11,10/31/11,STD,0.192,3516,0.228,3516,-0.036
2011-305,11/1/11,11/8/11,STD,0.243,2640,0.214,3516,0.029
2011-313,11/9/11,11/16/11,STD,0.183,2103,0.208,3516,-0.025
2011-321,11/17/11,11/24/11,STD,0.167,3059,0.192,3516,-0.025
2011-329,11/25/11,12/2/11,STD,#N/A,#N/A,0.188,3515,#N/A
2011-337,12/3/11,12/10/11,STD,0.142,19,0.179,3499,-0.037
2011-345,12/11/11,12/18/11,STD,0.147,19,0.186,3358,-0.039
2011-353,12/19/11,12/26/11,STD,0.147,17,0.19,2956,-0.043
2011-361,12/27/11,1/3/12,STD,0.163,34,0.185,3419,-0.022
2012-001,1/1/12,1/8/12,STD,0.156,40,0.176,2423,-0.02
2012-009,1/9/12,1/16/12,STD,0.169,220,0.177,2357,-0.008
2012-017,1/17/12,1/24/12,STD,0.164,207,0.173,2754,-0.009
2012-025,1/25/12,2/1/12,STD,0.158,609,0.17,3347,-0.012
2012-033,2/2/12,2/9/12,STD,0.175,238,0.173,1924,0.002
2012-041,2/10/12,2/17/12,STD,0.169,156,0.156,3465,0.013
2012-049,2/18/12,2/25/12,STD,0.154,884,0.157,3516,-0.003
2012-057,2/26/12,3/4/12,STD,0.14,1175,0.149,3516,-0.009
2012-065,3/5/12,3/12/12,STD,0.142,3312,0.149,3516,-0.007
2012-073,3/13/12,3/20/12,STD,0.141,3516,0.147,3516,-0.006
2012-081,3/21/12,3/28/12,STD,0.135,3516,0.154,3516,-0.019
2012-089,3/29/12,4/5/12,STD,0.137,3448,0.153,3516,-0.016
2012-097,4/6/12,4/13/12,STD,0.141,3515,0.157,3516,-0.016
2012-105,4/14/12,4/21/12,STD,0.157,2476,0.165,3516,-0.008
2012-113,4/22/12,4/29/12,STD,0.163,3512,0.173,3516,-0.01
2012-121,4/30/12,5/7/12,STD,0.183,3516,0.196,3516,-0.013
2012-129,5/8/12,5/15/12,STD,0.217,3516,0.227,3516,-0.01
2012-137,5/16/12,5/23/12,STD,0.328,3504,0.297,3516,0.031
2012-145,5/24/12,5/31/12,STD,0.406,3483,0.37,3516,0.036
2012-153,6/1/12,6/8/12,STD,0.5,3508,0.432,3516,0.068
2012-161,6/9/12,6/16/12,STD,0.518,3516,0.471,3516,0.047
2012-169,6/17/12,6/24/12,STD,0.534,3516,0.512,3516,0.022
2012-177,6/25/12,7/2/12,STD,0.58,3504,0.57,3516,0.01
2012-185,7/3/12,7/10/12,STD,0.627,3461,0.663,3516,-0.036
2012-193,7/11/12,7/18/12,STD,0.664,3478,0.718,3516,-0.054
2012-201,7/19/12,7/26/12,STD,0.639,3516,0.725,3516,-0.086
2012-209,7/27/12,8/3/12,STD,0.545,3503,0.672,3516,-0.127
2012-217,8/4/12,8/11/12,STD,0.464,2914,0.612,3516,-0.148
2012-225,8/12/12,8/19/12,STD,0.414,3452,0.525,3516,-0.111
2012-233,8/20/12,8/27/12,STD,0.377,3516,0.451,3516,-0.074
2012-241,8/28/12,9/4/12,STD,0.309,3516,0.377,3516,-0.068
2012-249,9/5/12,9/12/12,STD,0.283,3512,0.321,3516,-0.038
2012-257,9/13/12,9/20/12,STD,0.262,3516,0.285,3516,-0.023
2012-265,9/21/12,9/28/12,STD,0.259,3516,0.262,3516,-0.003
2012-273,9/29/12,10/6/12,STD,0.266,3510,0.254,3516,0.012
2012-281,10/7/12,10/14/12,STD,0.242,3459,0.247,3516,-0.005
2012-289,10/15/12,10/22/12,STD,0.237,3516,0.239,3516,-0.002
2012-297,10/23/12,10/30/12,STD,0.233,3516,0.228,3516,0.005
2012-305,10/31/12,11/7/12,STD,0.217,3516,0.214,3516,0.003
2012-313,11/8/12,11/15/12,STD,0.21,2691,0.208,3516,0.002
2012-321,11/16/12,11/23/12,STD,0.184,3510,0.192,3516,-0.008
2012-329,11/24/12,12/1/12,STD,0.179,3439,0.188,3515,-0.009
2012-337,12/2/12,12/9/12,STD,0.172,3031,0.179,3499,-0.007
2012-345,12/10/12,12/17/12,STD,0.191,130,0.186,3358,0.005
2012-353,12/18/12,12/25/12,STD,#N/A,#N/A,0.19,2956,#N/A
2012-361,12/26/12,1/2/13,STD,#N/A,#N/A,0.185,3419,#N/A
2013-001,1/1/13,1/8/13,STD,#N/A,#N/A,0.176,2423,#N/A
2013-009,1/9/13,1/16/13,STD,#N/A,#N/A,0.177,2357,#N/A
2013-017,1/17/13,1/24/13,STD,#N/A,#N/A,0.173,2754,#N/A
2013-025,1/25/13,2/1/13,STD,0.184,53,0.17,3347,0.014
2013-033,2/2/13,2/9/13,STD,0.177,306,0.173,1924,0.004
2013-041,2/10/13,2/17/13,STD,0.176,273,0.156,3465,0.02
2013-049,2/18/13,2/25/13,STD,0.178,565,0.157,3516,0.021
2013-057,2/26/13,3/5/13,STD,0.14,1766,0.149,3516,-0.009
2013-065,3/6/13,3/13/13,STD,0.158,3073,0.149,3516,0.009
2013-073,3/14/13,3/21/13,STD,0.155,3222,0.147,3516,0.008
2013-081,3/22/13,3/29/13,STD,0.144,2036,0.154,3516,-0.01
2013-089,3/30/13,4/6/13,STD,0.147,3269,0.153,3516,-0.006
2013-097,4/7/13,4/14/13,STD,0.152,3259,0.157,3516,-0.005
2013-105,4/15/13,4/22/13,STD,0.173,2913,0.165,3516,0.008
2013-113,4/23/13,4/30/13,STD,0.161,3516,0.173,3516,-0.012
2013-121,5/1/13,5/8/13,STD,0.17,3516,0.196,3516,-0.026
2013-129,5/9/13,5/16/13,STD,0.194,742,0.227,3516,-0.033
2013-137,5/17/13,5/24/13,STD,0.22,3497,0.297,3516,-0.077
2013-145,5/25/13,6/1/13,STD,0.281,3440,0.37,3516,-0.089
2013-153,6/2/13,6/9/13,STD,0.324,3496,0.432,3516,-0.108
2013-161,6/10/13,6/17/13,STD,0.386,3482,0.471,3516,-0.085
2013-169,6/18/13,6/25/13,STD,0.411,3516,0.512,3516,-0.101
2013-177,6/26/13,7/3/13,STD,0.501,3516,0.57,3516,-0.069
2013-185,7/4/13,7/11/13,STD,0.604,3496,0.663,3516,-0.059
2013-193,7/12/13,7/19/13,STD,0.685,3469,0.718,3516,-0.033
2013-201,7/20/13,7/27/13,STD,0.691,3513,0.725,3516,-0.034
2013-209,7/28/13,8/4/13,STD,0.686,3460,0.672,3516,0.014
2013-217,8/5/13,8/12/13,STD,0.611,3484,0.612,3516,-0.001
2013-225,8/13/13,8/20/13,STD,0.537,3505,0.525,3516,0.012
2013-233,8/21/13,8/28/13,STD,0.456,3475,0.451,3516,0.005
2013-241,8/29/13,9/5/13,STD,0.362,3500,0.377,3516,-0.015
2013-249,9/6/13,9/13/13,STD,0.343,3135,0.321,3516,0.022
2013-257,9/14/13,9/21/13,STD,0.318,3471,0.285,3516,0.033
2013-265,9/22/13,9/29/13,STD,0.295,3516,0.262,3516,0.033
2013-273,9/30/13,10/7/13,STD,0.247,3516,0.254,3516,-0.007
2013-281,10/8/13,10/15/13,STD,0.239,3508,0.247,3516,-0.008
2013-289,10/16/13,10/23/13,STD,0.213,3472,0.239,3516,-0.026
2013-297,10/24/13,10/31/13,STD,0.21,3516,0.228,3516,-0.018
2013-305,11/1/13,11/8/13,STD,0.189,3240,0.214,3516,-0.025
2013-313,11/9/13,11/16/13,STD,0.189,3516,0.208,3516,-0.019
2013-321,11/17/13,11/24/13,STD,0.188,2900,0.192,3516,-0.004
2013-329,11/25/13,12/2/13,STD,#N/A,#N/A,0.188,3515,#N/A
2013-337,12/3/13,12/10/13,STD,#N/A,#N/A,0.179,3499,#N/A
2013-345,12/11/13,12/18/13,STD,#N/A,#N/A,0.186,3358,#N/A
2013-353,12/19/13,12/26/13,STD,#N/A,#N/A,0.19,2956,#N/A
2013-361,12/27/13,1/3/14,STD,#N/A,#N/A,0.185,3419,#N/A
2014-001,1/1/14,1/8/14,STD,#N/A,#N/A,0.176,2423,#N/A
2014-009,1/9/14,1/16/14,STD,#N/A,#N/A,0.177,2357,#N/A
2014-017,1/17/14,1/24/14,STD,#N/A,#N/A,0.173,2754,#N/A
2014-025,1/25/14,2/1/14,STD,#N/A,#N/A,0.17,3347,#N/A
2014-033,2/2/14,2/9/14,STD,0.273,6,0.173,1924,0.1
2014-041,2/10/14,2/17/14,STD,0.215,380,0.156,3465,0.059
2014-049,2/18/14,2/25/14,STD,0.171,2371,0.157,3516,0.014
2014-057,2/26/14,3/5/14,STD,0.181,2719,0.149,3516,0.032
2014-065,3/6/14,3/13/14,STD,0.152,3509,0.149,3516,0.003
2014-073,3/14/14,3/21/14,STD,0.15,3516,0.147,3516,0.003
2014-081,3/22/14,3/29/14,STD,0.15,3516,0.154,3516,-0.004
2014-089,3/30/14,4/6/14,STD,0.15,3512,0.153,3516,-0.003
2014-097,4/7/14,4/14/14,STD,0.166,3212,0.157,3516,0.009
2014-105,4/15/14,4/22/14,STD,0.184,3513,0.165,3516,0.019
2014-113,4/23/14,4/30/14,STD,0.198,2594,0.173,3516,0.025
2014-121,5/1/14,5/8/14,STD,0.218,3468,0.196,3516,0.022
2014-129,5/9/14,5/16/14,STD,0.256,3321,0.227,3516,0.029
2014-137,5/17/14,5/24/14,STD,0.31,3308,0.297,3516,0.013
2014-145,5/25/14,6/1/14,STD,0.428,3505,0.37,3516,0.058
2014-153,6/2/14,6/9/14,STD,0.515,3455,0.432,3516,0.083
2014-161,6/10/14,6/17/14,STD,0.531,3499,0.471,3516,0.06
2014-169,6/18/14,6/25/14,STD,0.544,3489,0.512,3516,0.032
2014-177,6/26/14,7/3/14,STD,0.585,3513,0.57,3516,0.015
2014-185,7/4/14,7/11/14,STD,0.652,3499,0.663,3516,-0.011
2014-193,7/12/14,7/19/14,STD,0.69,3408,0.718,3516,-0.028
2014-201,7/20/14,7/27/14,STD,0.659,3514,0.725,3516,-0.066
2014-209,7/28/14,8/4/14,STD,0.67,3431,0.672,3516,-0.002
2014-217,8/5/14,8/12/14,STD,0.55,3516,0.612,3516,-0.062
2014-225,8/13/14,8/20/14,STD,0.477,3505,0.525,3516,-0.048
2014-233,8/21/14,8/28/14,STD,0.444,3397,0.451,3516,-0.007
2014-241,8/29/14,9/5/14,STD,0.367,3514,0.377,3516,-0.01
2014-249,9/6/14,9/13/14,STD,0.341,3516,0.321,3516,0.02
2014-257,9/14/14,9/21/14,STD,0.311,3506,0.285,3516,0.026
2014-265,9/22/14,9/29/14,STD,0.305,3516,0.262,3516,0.043
2014-273,9/30/14,10/7/14,STD,0.283,3516,0.254,3516,0.029
2014-281,10/8/14,10/15/14,STD,0.275,3516,0.247,3516,0.028
2014-289,10/16/14,10/23/14,STD,0.272,3516,0.239,3516,0.033
2014-297,10/24/14,10/31/14,STD,0.265,3516,0.228,3516,0.037
2014-305,11/1/14,11/8/14,STD,0.251,3516,0.214,3516,0.037
2014-313,11/9/14,11/16/14,STD,0.251,3471,0.208,3516,0.043
2014-321,11/17/14,11/24/14,STD,0.275,1012,0.192,3516,0.083
2014-329,11/25/14,12/2/14,STD,0.19,3407,0.188,3515,0.002
2014-337,12/3/14,12/10/14,STD,0.214,1447,0.179,3499,0.035
2014-345,12/11/14,12/18/14,STD,0.208,2436,0.186,3358,0.022
2014-353,12/19/14,12/26/14,STD,0.191,1227,0.19,2956,0.001
2014-361,12/27/14,1/3/15,STD,0.242,8,0.185,3419,0.057
2015-001,1/1/15,1/8/15,STD,0.196,13,0.176,2423,0.02
2015-009,1/9/15,1/16/15,STD,0.23,55,0.177,2357,0.053
2015-017,1/17/15,1/24/15,STD,0.187,105,0.173,2754,0.014
2015-025,1/25/15,2/1/15,STD,0.207,105,0.17,3347,0.037
2015-033,2/2/15,2/9/15,STD,0.171,1989,0.173,1924,-0.002
2015-041,2/10/15,2/17/15,STD,0.164,1899,0.156,3465,0.008
2015-049,2/18/15,2/25/15,STD,0.159,3428,0.157,3516,0.002
2015-057,2/26/15,3/5/15,STD,0.166,275,0.149,3516,0.017
2015-065,3/6/15,3/13/15,STD,0.162,2806,0.149,3516,0.013
2015-073,3/14/15,3/21/15,STD,0.155,3516,0.147,3516,0.008
2015-081,3/22/15,3/29/15,STD,0.161,3509,0.154,3516,0.007
2015-089,3/30/15,4/6/15,STD,0.182,3089,0.153,3516,0.029
2015-097,4/7/15,4/14/15,STD,0.184,3479,0.157,3516,0.027
2015-105,4/15/15,4/22/15,STD,0.198,3500,0.165,3516,0.033
2015-113,4/23/15,4/30/15,STD,0.224,3514,0.173,3516,0.051
2015-121,5/1/15,5/8/15,STD,0.227,3233,0.196,3516,0.031
2015-129,5/9/15,5/16/15,STD,0.309,3188,0.227,3516,0.082
2015-137,5/17/15,5/24/15,STD,0.315,3182,0.297,3516,0.018
2015-145,5/25/15,6/1/15,STD,0.347,3503,0.37,3516,-0.023
2015-153,6/2/15,6/9/15,STD,0.393,3513,0.432,3516,-0.039
2015-161,6/10/15,6/17/15,STD,0.467,3496,0.471,3516,-0.004
2015-169,6/18/15,6/25/15,STD,0.462,3516,0.512,3516,-0.05
2015-177,6/26/15,7/3/15,STD,0.507,3438,0.57,3516,-0.063
2015-185,7/4/15,7/11/15,STD,0.64,3482,0.663,3516,-0.023
2015-193,7/12/15,7/19/15,STD,0.723,3407,0.718,3516,0.005
2015-201,7/20/15,7/27/15,STD,0.725,3516,0.725,3516,0
2015-209,7/28/15,8/4/15,STD,0.708,3236,0.672,3516,0.036
2015-217,8/5/15,8/12/15,STD,0.658,3484,0.612,3516,0.046
2015-225,8/13/15,8/20/15,STD,0.581,3514,0.525,3516,0.056
2015-233,8/21/15,8/28/15,STD,0.49,3509,0.451,3516,0.039
2015-241,8/29/15,9/5/15,STD,0.422,3425,0.377,3516,0.045
2015-249,9/6/15,9/13/15,STD,0.374,3516,0.321,3516,0.053
2015-257,9/14/15,9/21/15,STD,0.311,3516,0.285,3516,0.026
2015-265,9/22/15,9/29/15,STD,0.296,3504,0.262,3516,0.034
2015-273,9/30/15,10/7/15,STD,0.294,3333,0.254,3516,0.04
2015-281,10/8/15,10/15/15,STD,0.293,3512,0.247,3516,0.046
2015-289,10/16/15,10/23/15,STD,0.296,3022,0.239,3516,0.057
2015-297,10/24/15,10/31/15,STD,0.306,3516,0.228,3516,0.078
2015-305,11/1/15,11/8/15,STD,0.284,3507,0.214,3516,0.07
2015-313,11/9/15,11/16/15,STD,0.3,2455,0.208,3516,0.092
2015-321,11/17/15,11/24/15,STD,0.259,1419,0.192,3516,0.067
2015-329,11/25/15,12/2/15,STD,0.218,3230,0.188,3515,0.03
2015-337,12/3/15,12/10/15,STD,0.218,1795,0.179,3499,0.039
2015-345,12/11/15,12/18/15,STD,0.191,1368,0.186,3358,0.005
2015-353,12/19/15,12/26/15,STD,0.185,887,0.19,2956,-0.005
2015-361,12/27/15,1/3/16,STD,0.211,137,0.185,3419,0.026
2016-001,1/1/16,1/8/16,STD,0.21,178,0.176,2423,0.034
2016-009,1/9/16,1/16/16,STD,#N/A,#N/A,0.177,2357,#N/A
2016-017,1/17/16,1/24/16,STD,#N/A,#N/A,0.173,2754,#N/A
2016-025,1/25/16,2/1/16,STD,0.327,1,0.17,3347,0.157
2016-033,2/2/16,2/9/16,STD,0.176,22,0.173,1924,0.003
2016-041,2/10/16,2/17/16,STD,0.203,1644,0.156,3465,0.047
2016-049,2/18/16,2/25/16,STD,#N/A,#N/A,0.157,3516,#N/A
2016-057,2/26/16,3/4/16,STD,0.151,3511,0.149,3516,0.002
2016-065,3/5/16,3/12/16,STD,0.155,3516,0.149,3516,0.006
2016-073,3/13/16,3/20/16,STD,0.153,3516,0.147,3516,0.006
2016-081,3/21/16,3/28/16,STD,0.158,3322,0.154,3516,0.004
2016-089,3/29/16,4/5/16,STD,0.158,3516,0.153,3516,0.005
2016-097,4/6/16,4/13/16,STD,0.171,3379,0.157,3516,0.014
2016-105,4/14/16,4/21/16,STD,0.186,3402,0.165,3516,0.021
2016-113,4/22/16,4/29/16,STD,0.211,3487,0.173,3516,0.038
2016-121,4/30/16,5/7/16,STD,0.227,3516,0.196,3516,0.031
2016-129,5/8/16,5/15/16,STD,0.273,3516,0.227,3516,0.046
2016-137,5/16/16,5/23/16,STD,0.343,3236,0.297,3516,0.046
2016-145,5/24/16,5/31/16,STD,0.428,3516,0.37,3516,0.058
2016-153,6/1/16,6/8/16,STD,0.554,2433,0.432,3516,0.122
2016-161,6/9/16,6/16/16,STD,0.552,3441,0.471,3516,0.081
2016-169,6/17/16,6/24/16,STD,0.54,3515,0.512,3516,0.028
2016-177,6/25/16,7/2/16,STD,0.604,3478,0.57,3516,0.034
2016-185,7/3/16,7/10/16,STD,0.67,3516,0.663,3516,0.007
2016-193,7/11/16,7/18/16,STD,0.678,3501,0.718,3516,-0.04
2016-201,7/19/16,7/26/16,STD,0.652,3504,0.725,3516,-0.073
2016-209,7/27/16,8/3/16,STD,0.597,3447,0.672,3516,-0.075
2016-217,8/4/16,8/11/16,STD,0.562,3516,0.612,3516,-0.05
2016-225,8/12/16,8/19/16,STD,0.542,3044,0.525,3516,0.017
2016-233,8/20/16,8/27/16,STD,0.443,3502,0.451,3516,-0.008
2016-241,8/28/16,9/4/16,STD,0.404,3516,0.377,3516,0.027
2016-249,9/5/16,9/12/16,STD,0.346,3516,0.321,3516,0.025
2016-257,9/13/16,9/20/16,STD,0.313,3516,0.285,3516,0.028
2016-265,9/21/16,9/28/16,STD,0.299,3516,0.262,3516,0.037
2016-273,9/29/16,10/6/16,STD,0.3,3516,0.254,3516,0.046
2016-281,10/7/16,10/14/16,STD,0.275,3516,0.247,3516,0.028
2016-289,10/15/16,10/22/16,STD,0.271,3516,0.239,3516,0.032
2016-297,10/23/16,10/30/16,STD,0.265,3516,0.228,3516,0.037
2016-305,10/31/16,11/7/16,STD,0.261,3441,0.214,3516,0.047
2016-313,11/8/16,11/15/16,STD,0.242,3516,0.208,3516,0.034
2016-321,11/16/16,11/23/16,STD,0.229,3515,0.192,3516,0.037
2016-329,11/24/16,12/1/16,STD,0.238,2709,0.188,3515,0.05
2016-337,12/2/16,12/9/16,STD,0.282,50,0.179,3499,0.103
2016-345,12/10/16,12/17/16,STD,0.237,1196,0.186,3358,0.051
2016-353,12/18/16,12/25/16,STD,0.174,1209,0.19,2956,-0.016
2016-361,12/26/16,1/2/17,STD,#N/A,#N/A,0.185,3419,#N/A
2017-001,1/1/17,1/8/17,STD,#N/A,#N/A,0.176,2423,#N/A
2017-009,1/9/17,1/16/17,STD,#N/A,#N/A,0.177,2357,#N/A
2017-017,1/17/17,1/24/17,STD,#N/A,#N/A,0.173,2754,#N/A
2017-025,1/25/17,2/1/17,STD,#N/A,#N/A,0.17,3347,#N/A
2017-033,2/2/17,2/9/17,STD,0.18,19,0.173,1924,0.007
2017-041,2/10/17,2/17/17,STD,0.21,109,0.156,3465,0.054
2017-049,2/18/17,2/25/17,STD,0.165,2685,0.157,3516,0.008