,aDate,apparentTemperatureMax,apparentTemperatureMaxTime,apparentTemperatureMin,apparentTemperatureMinTime,cloudCover,county,dewPoint,humidity,key,lat,long,moonPhase,precipAccumulation,precipIntensity,precipIntensityMax,precipIntensityMaxTime,precipProbability,precipType,pressure,state,sunriseTime,sunsetTime,temperatureMax,temperatureMaxTime,temperatureMin,temperatureMinTime,time,visibility,windBearing,windSpeed
0,2000-01-01,52.97,946681200,40.82,946634400,0.8,custer,42.15,0.79,946710000custer,37.8267,-122.4233,0.82,,0,0,,0,,1017.74,MT,946653980,946688485,52.97,946681200,42.61,946630800,946627200,6.64,243,4.68
0,2000-01-31 00:00:00,35.01,949363200,-2.51,949312800,0.19,Huerfano,11.18,0.66,949302000Huerfano,37.664501,-105.0917903,0.85,,0,0,,0,,1022.63,CO,949327591,949364611,38.73,949363200,8.06,949320000,949302000,9.36,321,2.79
0,2000-02-29 00:00:00,52.39,951861600,23.19,951832800,0.32,Huerfano,23.11,0.52,951807600Huerfano,37.664501,-105.0917903,0.83,,0,0,,0,,1013.34,CO,951831222,951872086,52.39,951861600,31.66,951832800,951807600,9.28,332,4.2
0,2000-03-31 00:00:00,36.06,954547200,20.66,954565200,0.92,Huerfano,26.79,0.85,954486000Huerfano,37.664501,-105.0917903,0.86,1.751,0.0086,0.0217,954486000,0.61,snow,1023.18,CO,954506836,954552215,36.06,954547200,28.09,954568800,954486000,4.53,6,7.08
0,2000-04-30 00:00:00,59.81,957139200,29.09,957103200,0.85,Huerfano,34.34,0.72,957074400Huerfano,37.664501,-105.0917903,0.88,,0.0198,0.0799,957092400,0.76,rain,1018.75,CO,957096379,957145863,59.81,957139200,38.68,957103200,957074400,9.26,350,11
0,2000-05-31 00:00:00,82.04,959814000,50.84,959770800,0.2,Huerfano,43.82,0.47,959752800Huerfano,37.664501,-105.0917903,0.93,,0,0,,0,,1008.24,CO,959773320,959825836,84.96,959814000,50.84,959770800,959752800,9.07,154,5.88
0,2000-06-30 00:00:00,80.43,962395200,52.07,962366400,0.15,Huerfano,45.08,0.48,962344800Huerfano,37.664501,-105.0917903,0.96,,0,0,,0,,1013.7,CO,962365410,962418428,82.43,962395200,52.07,962366400,962344800,9.73,225,2.52
0,2000-07-31 00:00:00,83.13,965088000,52.35,965044800,0.1,Huerfano,45.46,0.47,965023200Huerfano,37.664501,-105.0917903,0.03,,0,0,,0,,1018.44,CO,965045105,965095846,86.45,965088000,52.35,965044800,965023200,9.64,49,2.69
0,2000-08-31 00:00:00,78.69,967766400,55.72,967723200,0.32,Huerfano,47.45,0.53,967701600Huerfano,37.664501,-105.0917903,0.09,,0.0002,0.0046,967777200,0.19,rain,1012.05,CO,967725105,967771931,78.69,967766400,55.72,967723200,967701600,9.69,165,0.7
0,2000-09-30 00:00:00,78.57,970347600,43.73,970318800,0.11,Huerfano,36.67,0.42,970293600Huerfano,37.664501,-105.0917903,0.1,,0,0,,0,,1011.64,CO,970318609,970361150,80.09,970347600,46.5,970318800,970293600,10,280,6.12
0,2000-10-31 00:00:00,52.67,973026000,27.02,973058400,0.21,Huerfano,27.27,0.57,972975600Huerfano,37.664501,-105.0917903,0.15,,0,0,,0,,1008.39,CO,972998787,973037035,52.67,973026000,34.51,972993600,972975600,9.57,215,6.39
0,2000-11-30 00:00:00,56.49,975618000,24.07,975582000,0.05,Huerfano,17.63,0.47,975567600Huerfano,37.664501,-105.0917903,0.15,,0,0,,0,,1017.98,CO,975592676,975627822,56.49,975618000,25.94,975574800,975567600,9.7,29,1.23
0,2000-12-31 00:00:00,35.02,978296400,-0.57,978264000,0.07,Huerfano,11.24,0.65,978246000Huerfano,37.664501,-105.0917903,0.19,,0,0,,0,,1026.6,CO,978272200,978306784,39.33,978296400,8.64,978271200,978246000,9.48,340,0.4
0,2001-01-31 00:00:00,28.37,980974800,-3.7,980949600,0.22,Huerfano,8.34,0.69,980924400Huerfano,37.664501,-105.0917903,0.23,,0,0,,0,,1024.93,CO,980949955,980987061,28.37,980974800,5.55,980949600,980924400,9.65,282,2.12
0,2001-02-28 00:00:00,40.37,983404800,12.2,983350800,0.79,Huerfano,20.34,0.87,983343600Huerfano,37.664501,-105.0917903,0.17,1.414,0.004,0.0174,983383200,0.58,snow,1019.5,CO,983367243,983408070,40.37,983404800,18.9,983365200,983343600,6.49,141,2.85
0,2001-03-31 00:00:00,68.04,986083200,23.99,986043600,0.34,Huerfano,25.94,0.61,986022000Huerfano,37.664501,-105.0917903,0.23,,0,0,,0,,1015,CO,986042860,986088201,68.04,986083200,28.92,986040000,986022000,9.91,96,2.9
0,2001-04-30 00:00:00,79.41,988675200,36.38,988632000,0.11,Huerfano,26.45,0.33,988610400Huerfano,37.664501,-105.0917903,0.25,,0,0,,0,,1014.03,CO,988632397,988681848,79.41,988675200,39.44,988632000,988610400,9.74,279,2.32
0,2001-05-31 00:00:00,79.08,991353600,43,991306800,0.15,Huerfano,44.17,0.59,991288800Huerfano,37.664501,-105.0917903,0.32,,0.0001,0.0023,991306800,0.07,rain,1016.3,CO,991309326,991361825,79.08,991353600,43.39,991310400,991288800,9.5,82,1.39
0,2001-06-30 00:00:00,85.36,993934800,56.65,993902400,0.13,Huerfano,47.71,0.44,993880800Huerfano,37.664501,-105.0917903,0.34,,0.0008,0.0184,993938400,0.59,rain,1014.74,CO,993901403,993954429,88.82,993934800,56.65,993902400,993880800,9.99,147,3.68
0,2001-07-31 00:00:00,85.11,996609600,66.47,996584400,0.32,Huerfano,53.58,0.48,996559200Huerfano,37.664501,-105.0917903,0.39,,0.0014,0.0126,996559200,0.54,rain,1009.12,CO,996581092,996631861,87.82,996609600,66.47,996584400,996559200,9.56,225,5.23
0,2001-08-31 00:00:00,74.81,999288000,53.72,999262800,0.35,Huerfano,50.29,0.65,999237600Huerfano,37.664501,-105.0917903,0.43,,0.0084,0.1163,999295200,0.8,rain,1014.25,CO,999261092,999307954,74.81,999288000,53.72,999262800,999237600,9.83,157,1.15
0,2001-09-30 00:00:00,75.62,1001880000,44.87,1001854800,0.18,Huerfano,40.24,0.47,1001829600Huerfano,37.664501,-105.0917903,0.44,,0,0,,0,,1021.43,CO,1001854595,1001897174,75.62,1001880000,46.51,1001854800,1001829600,9.95,324,1
0,2001-10-31 00:00:00,70.71,1004554800,46.2,1004594400,0.17,Huerfano,30.38,0.35,1004511600Huerfano,37.664501,-105.0917903,0.48,,0,0,,0,,1006.79,CO,1004534771,1004573052,70.71,1004554800,46.2,1004594400,1004511600,9.64,242,11.11
0,2001-11-30 00:00:00,35.59,1007154000,10.06,1007110800,0.13,Huerfano,12.83,0.52,1007103600Huerfano,37.664501,-105.0917903,0.49,,0,0,,0,,1011.56,CO,1007128661,1007163826,43.43,1007154000,19.94,1007110800,1007103600,9.7,253,7.07
0,2001-12-31 00:00:00,25.46,1009836000,4.76,1009857600,0.53,Huerfano,14.93,0.84,1009782000Huerfano,37.664501,-105.0917903,0.55,0.063,0.0002,0.0017,1009836000,0.04,snow,1022.46,CO,1009808197,1009842772,25.46,1009836000,13.96,1009864800,1009782000,6.98,252,2.62
0,2002-01-31 00:00:00,24.31,1012521600,-6.58,1012543200,0.48,Huerfano,6.72,0.71,1012460400Huerfano,37.664501,-105.0917903,0.61,0.879,0.002,0.0163,1012464000,0.57,snow,1023.77,CO,1012485967,1012523044,24.31,1012521600,3.92,1012543200,1012460400,7.42,316,4.37
0,2002-02-28 00:00:00,51.94,1014930000,2.87,1014890400,0.16,Huerfano,5.37,0.44,1014879600Huerfano,37.664501,-105.0917903,0.55,0.081,0.0002,0.005,1014940800,0.21,snow,1011.13,CO,1014903265,1014944055,51.94,1014930000,9.13,1014901200,1014879600,9.49,351,1.51
0,2002-03-31 00:00:00,75.89,1017619200,25.5,1017579600,0.08,Huerfano,21.72,0.38,1017558000Huerfano,37.664501,-105.0917903,0.61,,0,0,,0,,1014.86,CO,1017578883,1017624188,75.89,1017619200,29.97,1017579600,1017558000,10,34,0.38
0,2002-04-30 00:00:00,79.99,1020204000,47.86,1020164400,0.08,Huerfano,13.67,0.16,1020146400Huerfano,37.664501,-105.0917903,0.63,,0,0,,0,,1003.85,CO,1020168415,1020217834,79.99,1020204000,48,1020168000,1020146400,9.58,244,9.92
0,2002-05-31 00:00:00,87.98,1022878800,55.81,1022842800,0.11,Huerfano,35.12,0.24,1022824800Huerfano,37.664501,-105.0917903,0.68,,0,0,,0,,1008.75,CO,1022845332,1022897814,92.32,1022878800,55.81,1022842800,1022824800,9.73,47,1.87
0,2002-06-30 00:00:00,89.81,1025470800,60.38,1025438400,0.03,Huerfano,39.11,0.27,1025416800Huerfano,37.664501,-105.0917903,0.69,,0,0,,0,,1010.96,CO,1025437397,1025490430,94.11,1025470800,60.38,1025438400,1025416800,9.96,95,1.68
0,2002-07-31 00:00:00,88.95,1028156400,56.62,1028116800,0.08,Huerfano,40.71,0.32,1028095200Huerfano,37.664501,-105.0917903,0.73,,0,0,,0,,1011.09,CO,1028117078,1028167876,93.32,1028156400,56.62,1028116800,1028095200,9.74,108,2.02
0,2002-08-31 00:00:00,83.44,1030834800,52.71,1030795200,0.11,Huerfano,43.35,0.45,1030773600Huerfano,37.664501,-105.0917903,0.77,,0,0,,0,,1016.76,CO,1030797079,1030843977,86.95,1030834800,52.71,1030795200,1030773600,9.74,197,2.85
0,2002-09-30 00:00:00,75.36,1033419600,45.79,1033380000,0.08,Huerfano,32.85,0.41,1033365600Huerfano,37.664501,-105.0917903,0.79,,0,0,,0,,1008.56,CO,1033390582,1033433198,75.36,1033419600,47.83,1033390800,1033365600,9.72,223,6.94
0,2002-10-31 00:00:00,29.55,1036105200,17.61,1036069200,0.77,Huerfano,25.76,0.85,1036047600Huerfano,37.664501,-105.0917903,0.85,0.195,0.0009,0.0068,1036119600,0.33,snow,1021.81,CO,1036070754,1036109069,34.99,1036105200,24.29,1036069200,1036047600,6.06,148,5.75
0,2002-11-30 00:00:00,46.47,1038690000,13.19,1038661200,0.06,Huerfano,13.56,0.51,1038639600Huerfano,37.664501,-105.0917903,0.87,,0,0,,0,,1025.32,CO,1038664646,1038699829,48.12,1038690000,18.28,1038661200,1038639600,10,197,0.55
0,2002-12-31 00:00:00,42.83,1041372000,9.55,1041332400,0.09,Huerfano,16.47,0.59,1041318000Huerfano,37.664501,-105.0917903,0.93,,0,0,,0,,1013.38,CO,1041344195,1041378760,46.24,1041372000,14.25,1041343200,1041318000,9.97,257,3.52
0,2003-01-31 00:00:00,57.16,1044057600,20.02,1044018000,0.21,Huerfano,23.47,0.57,1043996400Huerfano,37.664501,-105.0917903,0.98,,0,0,,0,,1022.13,CO,1044021980,1044059026,57.16,1044057600,25.48,1044021600,1043996400,9.61,220,2.81
0,2003-02-28 00:00:00,28.02,1046466000,16.99,1046476800,0.76,Huerfano,22.44,0.82,1046415600Huerfano,37.664501,-105.0917903,0.93,0.471,0.0018,0.0087,1046426400,0.46,snow,1009.74,CO,1046439286,1046480039,33.03,1046466000,23.37,1046440800,1046415600,7.04,122,2.82
0,2003-03-31 00:00:00,70.26,1049155200,22.86,1049104800,0.06,Huerfano,19.23,0.36,1049094000Huerfano,37.664501,-105.0917903,0.97,,0,0,,0,,1017.08,CO,1049114907,1049160174,70.26,1049155200,28.88,1049115600,1049094000,9.85,247,4.28
0,2003-04-30 00:00:00,66.2,1051736400,39.41,1051707600,0.15,Huerfano,25.23,0.38,1051682400Huerfano,37.664501,-105.0917903,0.98,,0,0,,0,,1004.21,CO,1051704433,1051753819,66.2,1051736400,40.06,1051704000,1051682400,9.78,255,4.64
0,2003-05-31 00:00:00,74.67,1054411200,52.95,1054382400,0.27,Huerfano,49.7,0.62,1054360800Huerfano,37.664501,-105.0917903,0.02,,0.0006,0.0119,1054429200,0.53,rain,1012.22,CO,1054381338,1054433804,74.67,1054411200,52.95,1054382400,1054360800,9.81,152,1.18
0,2003-06-30 00:00:00,84.19,1057017600,52.48,1056974400,0.12,Huerfano,48.11,0.52,1056952800Huerfano,37.664501,-105.0917903,0.03,,0,0,,0,,1016.21,CO,1056973390,1057026431,87.72,1057017600,52.48,1056974400,1056952800,9.58,138,4.98
0,2003-07-31 00:00:00,85.31,1059685200,57.69,1059649200,0.15,Huerfano,46.18,0.42,1059631200Huerfano,37.664501,-105.0917903,0.08,,0,0,,0,,1014.91,CO,1059653065,1059703890,89.01,1059685200,57.69,1059649200,1059631200,9.74,276,3.48
0,2003-08-31 00:00:00,78.25,1062374400,52.16,1062331200,0.72,Huerfano,51.46,0.75,1062309600Huerfano,37.664501,-105.0917903,0.14,,0.0024,0.0362,1062309600,0.68,rain,1020.34,CO,1062333066,1062380000,78.25,1062374400,52.16,1062331200,1062309600,8.75,113,5.75
0,2003-09-30 00:00:00,65.22,1064955600,40.58,1064930400,0.43,Huerfano,39.76,0.62,1064901600Huerfano,37.664501,-105.0917903,0.17,,0,0,,0,,1022.53,CO,1064926568,1064969222,65.22,1064955600,42.22,1064926800,1064901600,9.41,73,3.71
0,2003-10-31 00:00:00,55.51,1067644800,27.75,1067605200,0.52,Huerfano,28.07,0.66,1067583600Huerfano,37.664501,-105.0917903,0.23,,0.0001,0.0019,1067616000,0.05,rain,1017.25,CO,1067606738,1067645086,55.51,1067644800,32.51,1067605200,1067583600,8.51,166,5.61
0,2003-11-30 00:00:00,62.55,1070229600,23.05,1070190000,0.03,Huerfano,20.26,0.43,1070175600Huerfano,37.664501,-105.0917903,0.25,,0,0,,0,,1020.37,CO,1070200631,1070235833,62.55,1070229600,30.63,1070190000,1070175600,9.92,51,1.3
0,2003-12-31 00:00:00,36.24,1072904400,13.02,1072879200,0.12,Huerfano,14.04,0.55,1072854000Huerfano,37.664501,-105.0917903,0.29,,0,0,,0,,1017.18,CO,1072880192,1072914749,39.46,1072904400,18.62,1072875600,1072854000,9.87,188,0.96
0,2004-01-31 00:00:00,39.73,1075582800,16.86,1075557600,0.46,Huerfano,21.2,0.7,1075532400Huerfano,37.664501,-105.0917903,0.33,0.153,0.0007,0.0061,1075608000,0.28,snow,1004.49,CO,1075557992,1075595009,39.73,1075582800,23.26,1075557600,1075532400,8.84,14,2.65
0,2004-02-29 00:00:00,36.97,1078099200,15.81,1078059600,0.35,Huerfano,16.36,0.53,1078038000Huerfano,37.664501,-105.0917903,0.3,0.026,0.0001,0.0017,1078077600,0.04,snow,1002.49,CO,1078061625,1078102484,41.6,1078099200,23.99,1078059600,1078038000,9.85,314,9.13
0,2004-03-31 00:00:00,72.28,1080770400,24.37,1080738000,0.02,Huerfano,12.49,0.24,1080716400Huerfano,37.664501,-105.0917903,0.34,,0,0,,0,,1015.34,CO,1080737240,1080782613,72.28,1080770400,28.26,1080738000,1080716400,9.91,124,2.72
0,2004-04-30 00:00:00,48.65,1083369600,27.1,1083330000,0.74,Huerfano,30.98,0.8,1083304800Huerfano,37.664501,-105.0917903,0.35,,0.0055,0.0442,1083304800,0.7,rain,1019.65,CO,1083326782,1083376260,49.85,1083369600,32.36,1083322800,1083304800,8.63,10,5.97
0,2004-05-31 00:00:00,67.33,1086040800,22.87,1086001200,0.05,Huerfano,20.59,0.33,1085983200Huerfano,37.664501,-105.0917903,0.41,,0,0,,0,,1010.55,CO,1086003721,1086056234,67.33,1086040800,32.29,1086001200,1085983200,10,270,12.88
0,2004-06-30 00:00:00,69.49,1088640000,44.09,1088589600,0.68,Huerfano,48.33,0.82,1088575200Huerfano,37.664501,-105.0917903,0.44,,0.0124,0.1256,1088643600,0.8,rain,1015.09,CO,1088595809,1088648828,69.49,1088640000,48.43,1088589600,1088575200,7.48,270,7.69
0,2004-07-31 00:00:00,78.83,1091311200,45.2,1091275200,0.1,Huerfano,40.24,0.44,1091253600Huerfano,37.664501,-105.0917903,0.51,,0,0,,0,,1013.39,CO,1091275503,1091326249,80.42,1091311200,49.41,1091275200,1091253600,10,259,6.35
0,2004-08-31 00:00:00,70.47,1093986000,46.54,1093957200,0.28,Huerfano,40,0.53,1093932000Huerfano,37.664501,-105.0917903,0.56,,0.0007,0.0057,1093993200,0.26,rain,1020.96,CO,1093955503,1094002335,70.47,1093986000,47.42,1093953600,1093932000,9.89,358,0.82
0,2004-09-30 00:00:00,65.38,1096574400,37.61,1096549200,0.38,Huerfano,38.35,0.64,1096524000Huerfano,37.664501,-105.0917903,0.58,,0.0004,0.0024,1096581600,0.07,rain,1008.47,CO,1096549007,1096591554,65.38,1096574400,41.2,1096549200,1096524000,8.82,273,4.47
0,2004-10-31 00:00:00,55.48,1099263600,12.7,1099220400,0.19,Huerfano,17.6,0.49,1099202400Huerfano,37.664501,-105.0917903,0.62,,0.0004,0.0062,1099281600,0.29,rain,1007.67,CO,1099229185,1099267438,55.48,1099263600,25.39,1099231200,1099202400,9.48,264,9.48
0,2004-11-30 00:00:00,31.86,1101848400,-11.23,1101812400,0.04,Huerfano,3.86,0.63,1101798000Huerfano,37.664501,-105.0917903,0.62,,0,0,,0,,1026.23,CO,1101823074,1101858223,34.91,1101848400,-0.35,1101812400,1101798000,9.73,265,3.04
0,2004-12-31 00:00:00,38.96,1104526800,15.76,1104494400,0.08,Huerfano,19.5,0.55,1104476400Huerfano,37.664501,-105.0917903,0.66,0.102,0.0005,0.0026,1104526800,0.08,snow,1012.07,CO,1104502599,1104537182,46.88,1104526800,27.22,1104559200,1104476400,9.98,245,19.33
0,2005-01-31 00:00:00,30.48,1107205200,10.3,1107180000,0.81,Huerfano,20,0.84,1107154800Huerfano,37.664501,-105.0917903,0.7,2.25,0.0082,0.0292,1107208800,0.65,snow,1025.56,CO,1107180356,1107217459,30.48,1107205200,19.09,1107237600,1107154800,6.31,342,3.7
0,2005-02-28 00:00:00,47.47,1109631600,3.68,1109592000,0.05,Huerfano,14.03,0.53,1109574000Huerfano,37.664501,-105.0917903,0.65,,0,0,,0,,1016.87,CO,1109597646,1109638468,48.33,1109631600,18.85,1109592000,1109574000,9.72,266,9.7
0,2005-03-31 00:00:00,43.57,1112313600,8.02,1112274000,0.78,Huerfano,19.53,0.76,1112252400Huerfano,37.664501,-105.0917903,0.71,3.61,0.0127,0.0316,1112252400,0.66,snow,1022.39,CO,1112273263,1112318599,43.57,1112313600,20.63,1112335200,1112252400,5.24,350,15.03
0,2005-04-30 00:00:00,51.91,1114894800,26.26,1114855200,0.63,Huerfano,28.03,0.7,1114840800Huerfano,37.664501,-105.0917903,0.73,,0.002,0.0136,1114905600,0.55,rain,1018.9,CO,1114862800,1114912246,51.91,1114894800,28.61,1114862400,1114840800,8.08,261,2.77
0,2005-05-31 00:00:00,73.32,1117584000,38.95,1117540800,0.37,Huerfano,38.79,0.6,1117519200Huerfano,37.664501,-105.0917903,0.79,,0.0019,0.0299,1117580400,0.65,rain,1011.46,CO,1117539727,1117592224,73.32,1117584000,42.67,1117540800,1117519200,9.4,260,2.65
0,2005-06-30 00:00:00,79.51,1120168800,51.71,1120132800,0.09,Huerfano,38.06,0.36,1120111200Huerfano,37.664501,-105.0917903,0.82,,0.0013,0.0087,1120118400,0.46,rain,1013.14,CO,1120131802,1120184829,81.47,1120168800,51.71,1120132800,1120111200,9.82,175,1.36
0,2005-07-31 00:00:00,85.22,1122850800,57.11,1122811200,0.05,Huerfano,41.51,0.35,1122789600Huerfano,37.664501,-105.0917903,0.87,,0.0002,0.0029,1122814800,0.09,rain,1016.52,CO,1122811490,1122862263,89.12,1122850800,57.11,1122811200,1122789600,10,201,3.11
0,2005-08-31 00:00:00,76.22,1125525600,52.86,1125493200,0.13,Huerfano,34.6,0.35,1125468000Huerfano,37.664501,-105.0917903,0.91,,0.0003,0.0025,1125493200,0.07,rain,1014.61,CO,1125491490,1125538357,76.22,1125525600,52.86,1125493200,1125468000,9.9,22,3.18
0,2005-09-30 00:00:00,71.34,1128124800,39.61,1128070800,0.25,Huerfano,38.37,0.59,1128060000Huerfano,37.664501,-105.0917903,0.91,,0.0003,0.0017,1128063600,0.04,rain,1010.64,CO,1128084993,1128127578,71.34,1128124800,42.1,1128085200,1128060000,8.3,286,4.5
0,2005-10-31 00:00:00,52.24,1130803200,24.73,1130763600,0.2,Huerfano,21,0.54,1130742000Huerfano,37.664501,-105.0917903,0.95,,0.0002,0.0036,1130742000,0.13,rain,1027.5,CO,1130765168,1130803455,52.24,1130803200,28.24,1130763600,1130742000,9.35,261,4.82
0,2005-11-30 00:00:00,36.82,1133373600,6.33,1133352000,0.27,Huerfano,12.63,0.51,1133334000Huerfano,37.664501,-105.0917903,0.97,,0,0,,0,,1012.51,CO,1133359059,1133394226,42.65,1133373600,19.84,1133416800,1133334000,9.41,261,9.93
0,2005-12-31 00:00:00,57.07,1136066400,13.9,1136023200,0.09,Huerfano,18.13,0.45,1136012400Huerfano,37.664501,-105.0917903,0.03,,0,0,,0,,1004.71,CO,1136038597,1136073170,57.07,1136066400,22.87,1136023200,1136012400,9.97,251,5.7
0,2006-01-31 00:00:00,50.9,1138741200,14.37,1138701600,0.16,Huerfano,19.79,0.55,1138690800Huerfano,37.664501,-105.0917903,0.08,,0,0,,0,,1009.34,CO,1138716369,1138753441,50.9,1138741200,24.16,1138701600,1138690800,9.6,259,6.19
0,2006-02-28 00:00:00,62.72,1141160400,27.53,1141128000,0.18,Huerfano,19.44,0.33,1141110000Huerfano,37.664501,-105.0917903,0.03,,0.0001,0.0013,1141182000,0.02,rain,1009.67,CO,1141133668,1141174453,62.72,1141160400,36.05,1141128000,1141110000,9.65,234,12.55
0,2006-03-31 00:00:00,57.88,1143842400,16.3,1143806400,0.17,Huerfano,16.02,0.38,1143788400Huerfano,37.664501,-105.0917903,0.09,,0.0008,0.0095,1143846000,0.5,rain,1014.94,CO,1143809287,1143854585,57.88,1143842400,25.56,1143806400,1143788400,9.81,213,8.28
0,2006-04-30 00:00:00,65.17,1146430800,27.24,1146394800,0.26,Huerfano,24.12,0.41,1146376800Huerfano,37.664501,-105.0917903,0.11,,0,0,,0,,1010,CO,1146398818,1146448231,65.17,1146430800,33.94,1146394800,1146376800,9.93,257,5.43
0,2006-05-31 00:00:00,66.84,1149120000,44.64,1149073200,0.52,Huerfano,43.29,0.64,1149055200Huerfano,37.664501,-105.0917903,0.15,,0.0125,0.0941,1149109200,0.78,rain,1021.32,CO,1149075733,1149128213,66.84,1149120000,47.8,1149073200,1149055200,7.72,95,6.99
0,2006-06-30 00:00:00,81.63,1151697600,54.78,1151668800,0.19,Huerfano,34.96,0.32,1151647200Huerfano,37.664501,-105.0917903,0.16,,0,0,,0,,1014.2,CO,1151667796,1151720831,85.01,1151697600,54.78,1151668800,1151647200,9.9,94,2.35
0,2006-07-31 00:00:00,81.09,1154372400,59.39,1154347200,0.37,Huerfano,50.67,0.56,1154325600Huerfano,37.664501,-105.0917903,0.2,,0.0052,0.0267,1154397600,0.64,rain,1004.53,CO,1154347476,1154398278,82.86,1154372400,59.39,1154347200,1154325600,9.11,66,1.8
0,2006-08-31 00:00:00,78.87,1157058000,52.72,1157025600,0.2,Huerfano,40.1,0.45,1157004000Huerfano,37.664501,-105.0917903,0.25,,0.0004,0.0088,1157068800,0.47,rain,1013.72,CO,1157027477,1157074380,80.3,1157058000,52.72,1157025600,1157004000,9.84,310,3.41
0,2006-09-30 00:00:00,75.01,1159650000,42.74,1159614000,0,Huerfano,27.08,0.33,1159596000Huerfano,37.664501,-105.0917903,0.26,,0,0,,0,,1014.65,CO,1159620980,1159663602,75.01,1159650000,43.93,1159617600,1159596000,9.9,244,3.14
0,2006-10-31 00:00:00,38.86,1162328400,20.04,1162299600,0.21,Huerfano,18.22,0.51,1162278000Huerfano,37.664501,-105.0917903,0.32,,0,0,,0,,1019.15,CO,1162301152,1162339472,44.36,1162328400,28.18,1162299600,1162278000,9.67,215,8.32
0,2006-11-30 00:00:00,17.97,1164931200,-11.59,1164891600,0.05,Huerfano,1.4,0.69,1164870000Huerfano,37.664501,-105.0917903,0.35,0.09,0.0002,0.0018,1164927600,0.04,snow,1029.66,CO,1164895044,1164930230,24.89,1164931200,-2.09,1164891600,1164870000,8.95,252,6.1
0,2006-12-31 00:00:00,24.01,1167598800,3.66,1167631200,0.07,Huerfano,10.08,0.64,1167548400Huerfano,37.664501,-105.0917903,0.41,0.036,0.0001,0.0011,1167559200,0.02,snow,1027.82,CO,1167574594,1167609158,29.22,1167598800,14.69,1167624000,1167548400,9.45,247,2.09
0,2007-01-31 00:00:00,8.28,1170270000,-2.03,1170226800,0.88,Huerfano,8.15,0.81,1170226800Huerfano,37.664501,-105.0917903,0.45,0.428,0.0009,0.0064,1170298800,0.3,snow,1012.89,CO,1170252382,1170289424,16.36,1170270000,7.71,1170309600,1170226800,4.47,326,0.49
0,2007-02-28 00:00:00,19.5,1172682000,3.85,1172728800,0.56,Huerfano,11.76,0.62,1172646000Huerfano,37.664501,-105.0917903,0.4,0.276,0.0007,0.0034,1172721600,0.12,snow,1000.43,CO,1172669690,1172710437,29.53,1172682000,13.41,1172728800,1172646000,8.18,250,10.7
0,2007-03-31 00:00:00,53.61,1175385600,7.18,1175338800,0.27,Huerfano,16.9,0.55,1175320800Huerfano,37.664501,-105.0917903,0.44,,0,0,,0,,1012.46,CO,1175345311,1175390571,53.61,1175385600,19.33,1175338800,1175320800,9.49,257,10.39
0,2007-04-30 00:00:00,65.12,1177963200,37.31,1177930800,0.2,Huerfano,33.31,0.52,1177912800Huerfano,37.664501,-105.0917903,0.45,,0.0001,0.0011,1177977600,0.02,rain,1010.24,CO,1177934836,1177984217,65.12,1177963200,40.55,1177930800,1177912800,9.93,12,4.9
0,2007-05-31 00:00:00,66.89,1180645200,34.03,1180612800,0.19,Huerfano,27.95,0.42,1180591200Huerfano,37.664501,-105.0917903,0.48,,0.0007,0.0139,1180591200,0.55,rain,1012.64,CO,1180611739,1180664202,66.89,1180645200,37.82,1180612800,1180591200,10,253,4.07
0,2007-06-30 00:00:00,76.57,1183244400,49.44,1183204800,0.1,Huerfano,39.95,0.44,1183183200Huerfano,37.664501,-105.0917903,0.51,,0,0,,0,,1014.4,CO,1183203789,1183256831,76.57,1183244400,49.8,1183204800,1183183200,9.98,152,1.53
0,2007-07-31 00:00:00,77.55,1185919200,51.65,1185883200,0.23,Huerfano,48.53,0.6,1185861600Huerfano,37.664501,-105.0917903,0.56,,0.0004,0.0056,1185861600,0.25,rain,1013.31,CO,1185883463,1185934292,77.55,1185919200,51.65,1185883200,1185861600,9.92,120,1
0,2007-08-31 00:00:00,75.71,1188597600,46.96,1188558000,0.24,Huerfano,47.69,0.63,1188540000Huerfano,37.664501,-105.0917903,0.62,,0.0011,0.01,1188608400,0.51,rain,1017.9,CO,1188563464,1188610403,75.71,1188597600,48.91,1188561600,1188540000,9.6,80,1.91
0,2007-09-30 00:00:00,64.37,1191189600,31.44,1191153600,0.04,Huerfano,21.74,0.33,1191132000Huerfano,37.664501,-105.0917903,0.65,,0,0,,0,,1017.9,CO,1191156966,1191199626,64.37,1191189600,39.59,1191157200,1191132000,10,241,7.94
0,2007-10-31 00:00:00,43.79,1193875200,24.42,1193893200,0.57,Huerfano,26.37,0.64,1193810400Huerfano,37.664501,-105.0917903,0.71,,0,0,,0,,1025.11,CO,1193837136,1193875489,46.1,1193875200,31.52,1193893200,1193810400,8.53,20,1.47
0,2007-11-30 00:00:00,29.33,1196467200,15.01,1196424000,0.45,Huerfano,19.58,0.7,1196406000Huerfano,37.664501,-105.0917903,0.72,0.256,0.0012,0.0126,1196488800,0.54,snow,1021.2,CO,1196431029,1196466233,37.86,1196467200,20.65,1196424000,1196406000,8.03,212,6.22
0,2007-12-31 00:00:00,5.94,1199134800,-10.74,1199167200,0.36,Huerfano,-3.42,0.48,1199084400Huerfano,37.664501,-105.0917903,0.76,0.024,0.0001,0.0015,1199088000,0.03,snow,1026.8,CO,1199110591,1199145147,20.03,1199134800,2.75,1199167200,1199084400,9.66,304,9.91
0,2008-01-31 00:00:00,18.94,1201824000,-7.58,1201784400,0.17,Huerfano,-3.13,0.52,1201762800Huerfano,37.664501,-105.0917903,0.8,0.1,0.0002,0.0052,1201762800,0.23,snow,1021.43,CO,1201788394,1201825406,28.4,1201824000,0.87,1201788000,1201762800,9.08,262,6.49
0,2008-02-29 00:00:00,53.39,1204329600,16.2,1204286400,0,Huerfano,16.03,0.46,1204268400Huerfano,37.664501,-105.0917903,0.77,,0.0002,0.0017,1204308000,0.04,rain,1023.7,CO,1204292028,1204332881,53.39,1204329600,22.88,1204286400,1204268400,10,234,5.99
0,2008-03-31 00:00:00,40.03,1206997200,20.86,1206957600,0.46,Huerfano,20.52,0.55,1206943200Huerfano,37.664501,-105.0917903,0.81,,0,0,,0,,1010.02,CO,1206967643,1207013011,46.41,1206997200,28.22,1207026000,1206943200,9.21,242,10.91
0,2008-04-30 00:00:00,68.19,1209589200,33.55,1209600000,0.11,Huerfano,9.57,0.17,1209535200Huerfano,37.664501,-105.0917903,0.83,,0,0,,0,,995.74,CO,1209557185,1209606658,68.19,1209589200,40.92,1209600000,1209535200,9.91,237,16.14
0,2008-05-31 00:00:00,76.72,1212271200,44.1,1212235200,0.1,Huerfano,24.92,0.26,1212213600Huerfano,37.664501,-105.0917903,0.88,,0,0,,0,,1014.29,CO,1212234122,1212286633,76.72,1212271200,45.49,1212235200,1212213600,9.99,212,4.03
0,2008-06-30 00:00:00,74.7,1214852400,47.83,1214827200,0.18,Huerfano,42.83,0.51,1214805600Huerfano,37.664501,-105.0917903,0.91,,0.0001,0.0018,1214874000,0.04,rain,1019.12,CO,1214826208,1214879229,74.7,1214852400,48.8,1214827200,1214805600,9.88,237,2.63
0,2008-07-31 00:00:00,82.9,1217534400,56.44,1217505600,0.1,Huerfano,36.84,0.31,1217484000Huerfano,37.664501,-105.0917903,0.98,,0.1047,0.8038,1217527200,0.92,rain,1010.82,CO,1217505901,1217556651,86.33,1217534400,56.44,1217505600,1217484000,9.97,208,1.73
0,2008-08-31 00:00:00,70.91,1220227200,51.63,1220184000,0.48,Huerfano,50.19,0.71,1220162400Huerfano,37.664501,-105.0917903,0.04,,0.0102,0.0913,1220220000,0.78,rain,1007.99,CO,1220185901,1220232738,70.91,1220227200,51.63,1220184000,1220162400,9.08,209,10.47
0,2008-09-30 00:00:00,71.58,1222804800,35.44,1222779600,0.08,Huerfano,30.46,0.43,1222754400Huerfano,37.664501,-105.0917903,0.05,,0,0,,0,,1022.37,CO,1222779405,1222821957,71.58,1222804800,39.54,1222779600,1222754400,9.98,329,0.47
0,2008-10-31 00:00:00,66.18,1225483200,33.28,1225458000,0.01,Huerfano,16.6,0.29,1225432800Huerfano,37.664501,-105.0917903,0.09,,0,0,,0,,1029.39,CO,1225459582,1225497841,66.18,1225483200,36.31,1225458000,1225432800,9.98,258,2.84
0,2008-11-30 00:00:00,30.65,1228089600,17.96,1228053600,0.68,Huerfano,21.57,0.72,1228028400Huerfano,37.664501,-105.0917903,0.09,0.15,0.0006,0.0037,1228050000,0.14,snow,1018.25,CO,1228053472,1228088623,36.52,1228089600,26.61,1228053600,1228028400,6.97,332,7.56
0,2008-12-31 00:00:00,40.6,1230753600,15.35,1230710400,0.02,Huerfano,11.77,0.41,1230706800Huerfano,37.664501,-105.0917903,0.13,,0,0,,0,,1011.92,CO,1230732999,1230767580,45.92,1230753600,25.65,1230706800,1230706800,9.81,252,8.8
0,2009-01-31 00:00:00,41.97,1233435600,7.92,1233410400,0,Huerfano,9.4,0.44,1233385200Huerfano,37.664501,-105.0917903,0.18,0.021,0.0001,0.0012,1233406800,0.02,snow,1017.91,CO,1233410758,1233447856,45.92,1233435600,17.94,1233410400,1233385200,10,281,6.15
0,2009-02-28 00:00:00,44.37,1235865600,3.2,1235826000,0,Huerfano,2.2,0.39,1235804400Huerfano,37.664501,-105.0917903,0.12,,0,0,,0,,1032.28,CO,1235828050,1235868866,47.03,1235865600,12.29,1235826000,1235804400,10,248,3.21
0,2009-03-31 00:00:00,32.52,1238533200,-1.12,1238504400,0.17,Huerfano,7.37,0.48,1238479200Huerfano,37.664501,-105.0917903,0.18,0.024,0.0001,0.0012,1238504400,0.02,snow,1010.65,CO,1238503667,1238548997,40.6,1238533200,11.9,1238504400,1238479200,9.51,271,8.31
0,2009-04-30 00:00:00,63.47,1241128800,31.38,1241092800,0.06,Huerfano,23.03,0.36,1241071200Huerfano,37.664501,-105.0917903,0.21,,0.0001,0.0017,1241136000,0.04,rain,1013.09,CO,1241093203,1241142644,63.47,1241128800,36.63,1241092800,1241071200,9.96,237,4.5
0,2009-05-31 00:00:00,64.49,1243789200,40.49,1243767600,0.31,Huerfano,40.25,0.62,1243749600Huerfano,37.664501,-105.0917903,0.27,,0.0025,0.0373,1243814400,0.68,rain,1012.6,CO,1243770128,1243822622,64.49,1243789200,43.2,1243771200,1243749600,9.68,275,5.03
0,2009-06-30 00:00:00,74.88,1246406400,51.22,1246359600,0.25,Huerfano,41.79,0.47,1246341600Huerfano,37.664501,-105.0917903,0.29,,0.0009,0.0186,1246341600,0.59,rain,1013.7,CO,1246362201,1246415230,74.88,1246406400,51.22,1246359600,1246341600,9.99,90,1.59
0,2009-07-31 00:00:00,72.03,1249070400,45.82,1249034400,0.22,Huerfano,46.81,0.7,1249020000Huerfano,37.664501,-105.0917903,0.34,,0.0048,0.0439,1249077600,0.7,rain,1017.35,CO,1249041888,1249092665,72.03,1249070400,48.04,1249041600,1249020000,9.38,251,3.62
0,2009-08-31 00:00:00,76.23,1251763200,45.7,1251723600,0.17,Huerfano,44.05,0.59,1251698400Huerfano,37.664501,-105.0917903,0.38,,0.0006,0.0095,1251766800,0.5,rain,1017.71,CO,1251721888,1251768761,76.23,1251763200,47.28,1251720000,1251698400,9.82,218,4.71
0,2009-09-30 00:00:00,67.19,1254340800,47.21,1254355200,0.3,Huerfano,30.89,0.38,1254290400Huerfano,37.664501,-105.0917903,0.39,,0.0001,0.0017,1254322800,0.04,rain,1004.95,CO,1254315391,1254357981,67.19,1254340800,49.71,1254355200,1254290400,9.93,236,16.93
0,2009-10-31 00:00:00,51.93,1257026400,18.5,1256994000,0.01,Huerfano,24.95,0.66,1256968800Huerfano,37.664501,-105.0917903,0.43,,0,0,,0,,1020.81,CO,1256995566,1257033857,51.93,1257026400,24.17,1256990400,1256968800,10,270,2.92
0,2009-11-30 00:00:00,42.37,1259614800,11.01,1259575200,0,Huerfano,11.86,0.5,1259564400Huerfano,37.664501,-105.0917903,0.44,,0,0,,0,,1022.1,CO,1259589457,1259624627,45.74,1259614800,19.19,1259582400,1259564400,9.98,270,1.88
0,2009-12-31 00:00:00,21.17,1262296800,-0.25,1262325600,0.21,Huerfano,8.1,0.63,1262242800Huerfano,37.664501,-105.0917903,0.5,,0,0,,0,,1023.99,CO,1262268997,1262303568,29.39,1262296800,12.45,1262325600,1262242800,9.09,266,4.9
0,2010-01-31 00:00:00,21.92,1264971600,7.65,1265004000,0.34,Huerfano,15.26,0.77,1264921200Huerfano,37.664501,-105.0917903,0.56,,0,0.0009,1264935600,0,,1013.83,CO,1264946771,1264983839,29.63,1264971600,15.57,1264946400,1264921200,8.37,253,5.36
0,2010-02-28 00:00:00,26.63,1267394400,15.17,1267362000,0.59,Huerfano,20.54,0.74,1267340400Huerfano,37.664501,-105.0917903,0.51,0.79,0.0037,0.0133,1267398000,0.55,snow,1008.72,CO,1267364071,1267404850,32.25,1267394400,23.53,1267354800,1267340400,7.1,17,1.9
0,2010-03-31 00:00:00,60.41,1270065600,26.26,1270080000,0.07,Huerfano,21.16,0.34,1270015200Huerfano,37.664501,-105.0917903,0.56,,0,0,,0,,999.23,CO,1270039690,1270084983,60.41,1270065600,37.07,1270080000,1270015200,9.9,225,15.35
0,2010-04-30 00:00:00,34.52,1272664800,12.53,1272628800,0.39,Huerfano,17.09,0.54,1272607200Huerfano,37.664501,-105.0917903,0.58,,0,0,,0,,997.94,CO,1272629221,1272678629,41.66,1272664800,22.14,1272628800,1272607200,9.08,271,7.21
0,2010-05-31 00:00:00,75.8,1275343200,39.46,1275307200,0.02,Huerfano,28.72,0.34,1275285600Huerfano,37.664501,-105.0917903,0.62,,0.0002,0.0059,1275346800,0.27,rain,1011.25,CO,1275306134,1275358611,75.8,1275343200,43.36,1275307200,1275285600,9.98,236,5.8
0,2010-06-30 00:00:00,79.51,1277942400,49.28,1277895600,0.09,Huerfano,39.06,0.43,1277877600Huerfano,37.664501,-105.0917903,0.63,,0,0,,0,,1016.54,CO,1277898195,1277951231,79.51,1277942400,49.56,1277899200,1277877600,10,184,6.16
0,2010-07-31 00:00:00,75.91,1280620800,56.43,1280577600,0.64,Huerfano,56.37,0.8,1280556000Huerfano,37.664501,-105.0917903,0.67,,0.0198,0.0934,1280613600,0.78,rain,1013.76,CO,1280577874,1280628680,75.91,1280620800,56.43,1280577600,1280556000,9.24,204,1.98
0,2010-08-31 00:00:00,79.53,1283292000,53.89,1283256000,0.05,Huerfano,39.65,0.39,1283234400Huerfano,37.664501,-105.0917903,0.72,,0,0,,0,,1011.02,CO,1283257875,1283304784,81.4,1283292000,53.89,1283256000,1283234400,10,224,3.49
0,2010-09-30 00:00:00,75.4,1285884000,44.3,1285848000,0.06,Huerfano,39.81,0.51,1285826400Huerfano,37.664501,-105.0917903,0.74,,0,0,,0,,1018.7,CO,1285851378,1285894005,75.4,1285884000,44.3,1285848000,1285826400,10,167,2.93
0,2010-10-31 00:00:00,60.89,1288558800,32.03,1288530000,0.02,Huerfano,21.2,0.36,1288504800Huerfano,37.664501,-105.0917903,0.8,,0,0,,0,,1014.07,CO,1288531549,1288569874,60.89,1288558800,37.82,1288530000,1288504800,10,294,1.7
0,2010-11-30 00:00:00,37.7,1291161600,-3.08,1291118400,0,Huerfano,0.82,0.46,1291100400Huerfano,37.664501,-105.0917903,0.82,,0,0.0008,1291107600,0,,1026.28,CO,1291125442,1291160630,41.03,1291161600,6.47,1291118400,1291100400,9.95,270,3.13
0,2010-12-31 00:00:00,2.39,1293825600,-12.95,1293861600,0.53,Huerfano,-3.66,0.61,1293778800Huerfano,37.664501,-105.0917903,0.88,0.435,0.001,0.008,1293778800,0.41,snow,1007.14,CO,1293804994,1293839557,11.89,1293825600,-2.1,1293861600,1293778800,8.22,276,2.74
0,2011-01-31 00:00:00,22.01,1296496800,-17.29,1296518400,0.72,Huerfano,12.5,0.71,1296457200Huerfano,37.664501,-105.0917903,0.93,0.292,0.0007,0.0045,1296525600,0.18,snow,1015.98,CO,1296482784,1296519821,28.07,1296496800,-0.05,1296518400,1296457200,6.99,56,3.36
0,2011-02-28 00:00:00,57.14,1298930400,10.72,1298898000,0,Huerfano,10.13,0.43,1298876400Huerfano,37.664501,-105.0917903,0.88,,0,0,,0,,1019.47,CO,1298900093,1298940835,57.14,1298930400,16.58,1298898000,1298876400,9.99,219,5.65
0,2011-03-31 00:00:00,67.08,1301608800,33.46,1301572800,0.03,Huerfano,20.61,0.31,1301551200Huerfano,37.664501,-105.0917903,0.91,,0,0,,0,,1007.25,CO,1301575714,1301620969,67.08,1301608800,39.28,1301572800,1301551200,10,313,8.75
0,2011-04-30 00:00:00,52.44,1304197200,21.43,1304164800,0.22,Huerfano,13.47,0.38,1304143200Huerfano,37.664501,-105.0917903,0.92,,0.0002,0.0027,1304208000,0.08,rain,1009.72,CO,1304165239,1304214615,52.44,1304197200,26.6,1304164800,1304143200,9.87,340,5.23
0,2011-05-31 00:00:00,75.82,1306879200,28.45,1306839600,0,Huerfano,10.09,0.17,1306821600Huerfano,37.664501,-105.0917903,0.96,,0.0007,0.0176,1306886400,0.58,rain,1017.69,CO,1306842140,1306894601,75.82,1306879200,35.53,1306839600,1306821600,9.87,198,8.08
0,2011-06-30 00:00:00,81.32,1309467600,57.19,1309435200,0.14,Huerfano,39.14,0.32,1309413600Huerfano,37.664501,-105.0917903,0.98,,0.0004,0.0061,1309449600,0.28,rain,1006.58,CO,1309434188,1309487232,84.18,1309467600,57.19,1309435200,1309413600,9.8,216,8.06
0,2011-07-31 00:00:00,79.39,1312138800,55.55,1312113600,0.13,Huerfano,50.07,0.55,1312092000Huerfano,37.664501,-105.0917903,0.04,,0.0005,0.0084,1312149600,0.44,rain,1015.7,CO,1312113861,1312164694,80.01,1312138800,55.55,1312113600,1312092000,9.99,211,3.61
0,2011-08-31 00:00:00,80.77,1314817200,53.76,1314788400,0.13,Huerfano,43.43,0.44,1314770400Huerfano,37.664501,-105.0917903,0.1,,0.0005,0.0105,1314831600,0.51,rain,1010.79,CO,1314793862,1314840807,83.22,1314817200,53.76,1314788400,1314770400,9.93,263,3.66
0,2011-09-30 00:00:00,71.62,1317416400,37.06,1317387600,0.04,Huerfano,33.46,0.48,1317362400Huerfano,37.664501,-105.0917903,0.12,,0,0,,0,,1021.94,CO,1317387364,1317430029,71.62,1317416400,40.06,1317387600,1317362400,10,247,1.59
0,2011-10-31 00:00:00,59.87,1320094800,23.6,1320058800,0,Huerfano,22.56,0.47,1320040800Huerfano,37.664501,-105.0917903,0.18,,0,0,,0,,1016.65,CO,1320067533,1320105892,59.87,1320094800,29.22,1320066000,1320040800,10,279,3.71
0,2011-11-30 00:00:00,50.59,1322686800,8.46,1322697600,0.1,Huerfano,13.56,0.45,1322636400Huerfano,37.664501,-105.0917903,0.2,,0,0,,0,,1014.11,CO,1322661427,1322696634,50.59,1322686800,21.07,1322697600,1322636400,9.83,298,2.11
0,2011-12-31 00:00:00,30.68,1325358000,14.59,1325394000,0.01,Huerfano,9.75,0.43,1325314800Huerfano,37.664501,-105.0917903,0.24,,0,0,,0,,1014.76,CO,1325340991,1325375545,41.23,1325358000,18.6,1325397600,1325314800,10,290,9.37
0,2012-01-31 00:00:00,40.12,1328043600,18.95,1328007600,0.16,Huerfano,9.7,0.39,1327993200Huerfano,37.664501,-105.0917903,0.27,,0,0,,0,,1016.52,CO,1328018796,1328055803,43.97,1328043600,22.78,1328011200,1327993200,9.98,231,1.54
0,2012-02-29 00:00:00,50.49,1330552800,16.07,1330513200,0.02,Huerfano,8.66,0.33,1330498800Huerfano,37.664501,-105.0917903,0.24,,0,0,,0,,1010.55,CO,1330522431,1330563279,50.49,1330552800,23.81,1330520400,1330498800,9.92,248,8.21
0,2012-03-31 00:00:00,75.69,1333234800,35.76,1333195200,0.01,Huerfano,19.61,0.26,1333173600Huerfano,37.664501,-105.0917903,0.28,,0,0,,0,,1007.4,CO,1333198047,1333243409,75.69,1333234800,39.93,1333195200,1333173600,10,236,3.26
0,2012-04-30 00:00:00,72.57,1335826800,33.17,1335787200,0.02,Huerfano,19.42,0.3,1335765600Huerfano,37.664501,-105.0917903,0.3,,0,0,,0,,1009.97,CO,1335787587,1335837056,72.57,1335826800,36.06,1335783600,1335765600,10,257,4.83
0,2012-05-31 00:00:00,76.87,1338501600,43.4,1338465600,0.12,Huerfano,34.21,0.39,1338444000Huerfano,37.664501,-105.0917903,0.36,,0.0018,0.02,1338519600,0.6,rain,1013.49,CO,1338464523,1338517031,76.87,1338501600,43.4,1338465600,1338444000,9.97,139,2.99
0,2012-06-30 00:00:00,85.77,1341086400,57.6,1341057600,0.07,Huerfano,34.23,0.26,1341036000Huerfano,37.664501,-105.0917903,0.39,,0,0,,0,,1008.46,CO,1341056607,1341109629,90.86,1341086400,57.6,1341057600,1341036000,9.95,288,1.58
0,2012-07-31 00:00:00,84.65,1343764800,61.26,1343736000,0.38,Huerfano,52.14,0.51,1343714400Huerfano,37.664501,-105.0917903,0.45,,0.0044,0.0484,1343721600,0.71,rain,1015.67,CO,1343736299,1343787053,87.41,1343764800,61.26,1343736000,1343714400,9.92,278,2.96
0,2012-08-31 00:00:00,81.81,1346450400,53.62,1346414400,0.08,Huerfano,32.45,0.27,1346392800Huerfano,37.664501,-105.0917903,0.52,,0,0,,0,,1014.13,CO,1346416299,1346463141,84.92,1346450400,53.62,1346414400,1346392800,10,120,2.55
0,2012-09-30 00:00:00,71.48,1349038800,41.39,1349006400,0.22,Huerfano,35.32,0.47,1348984800Huerfano,37.664501,-105.0917903,0.52,,0.0001,0.0023,1349038800,0.07,rain,1016.76,CO,1349009803,1349052361,71.48,1349038800,44.88,1349010000,1348984800,9.91,337,7.96
0,2012-10-31 00:00:00,67.95,1351720800,30.7,1351681200,0.02,Huerfano,18.31,0.33,1351663200Huerfano,37.664501,-105.0917903,0.56,,0,0,,0,,1019.35,CO,1351689980,1351728243,67.95,1351720800,35.07,1351684800,1351663200,10,304,2.44
0,2012-11-30 00:00:00,58.15,1354309200,21.25,1354280400,0.01,Huerfano,15.43,0.36,1354258800Huerfano,37.664501,-105.0917903,0.57,,0,0,,0,,1015.57,CO,1354283870,1354319024,58.15,1354309200,27.51,1354280400,1354258800,10,266,3.85
0,2012-12-31 00:00:00,23.8,1356991200,-4.01,1357020000,0.42,Huerfano,7.36,0.76,1356937200Huerfano,37.664501,-105.0917903,0.6,0.072,0.0002,0.0009,1356962400,0.01,snow,1024.15,CO,1356963399,1356997979,23.8,1356991200,6.73,1357012800,1356937200,8.9,277,1.55
0,2013-01-31 00:00:00,42.79,1359669600,13.99,1359615600,0.05,Huerfano,12.62,0.47,1359615600Huerfano,37.664501,-105.0917903,0.65,,0,0,,0,,1020.67,CO,1359641160,1359678254,44.48,1359669600,23.18,1359622800,1359615600,10,267,3.01
0,2013-02-28 00:00:00,39.57,1362088800,3.16,1362056400,0.08,Huerfano,6.63,0.45,1362034800Huerfano,37.664501,-105.0917903,0.6,,0,0,,0,,1028.44,CO,1362058453,1362099263,41.14,1362088800,13.21,1362056400,1362034800,9.94,312,4.08
0,2013-03-31 00:00:00,66.65,1364767200,29.72,1364734800,0.19,Huerfano,25,0.45,1364709600Huerfano,37.664501,-105.0917903,0.66,,0,0,,0,,1016.3,CO,1364734070,1364779395,66.65,1364767200,33.14,1364734800,1364709600,10,242,1.76
0,2013-04-30 00:00:00,74.12,1367352000,44.42,1367319600,0.1,Huerfano,22.45,0.24,1367301600Huerfano,37.664501,-105.0917903,0.68,,0,0,,0,,1001.66,CO,1367323605,1367373042,74.12,1367352000,46.94,1367323200,1367301600,9.98,237,3.04
0,2013-05-31 00:00:00,73.93,1370034000,41.42,1369998000,0.09,Huerfano,14.22,0.19,1369980000Huerfano,37.664501,-105.0917903,0.74,,0,0,,0,,1008.07,CO,1370000528,1370053020,73.93,1370034000,44.2,1369998000,1369980000,9.82,312,10.21
0,2013-06-30 00:00:00,76.75,1372618800,53.35,1372593600,0.11,Huerfano,49.38,0.61,1372572000Huerfano,37.664501,-105.0917903,0.76,,0.0043,0.0399,1372640400,0.69,rain,1018.07,CO,1372592600,1372645630,76.75,1372618800,53.35,1372593600,1372572000,9.71,111,2.27
0,2013-07-31 00:00:00,79.74,1375304400,56.29,1375272000,0.07,Huerfano,45.44,0.45,1375250400Huerfano,37.664501,-105.0917903,0.81,,0.0012,0.0154,1375311600,0.57,rain,1018.97,CO,1375272286,1375323067,81.44,1375304400,56.29,1375272000,1375250400,9.96,83,1.01
0,2013-08-31 00:00:00,79.58,1377982800,59.19,1377950400,0.01,Huerfano,46.36,0.47,1377928800Huerfano,37.664501,-105.0917903,0.85,,0.0003,0.0036,1378004400,0.13,rain,1013.38,CO,1377952286,1377999164,80.38,1377982800,59.19,1377950400,1377928800,9.79,335,1.8
0,2013-09-30 00:00:00,74.04,1380578400,39.82,1380542400,0,Huerfano,26.92,0.32,1380520800Huerfano,37.664501,-105.0917903,0.86,,0,0,,0,,1009.12,CO,1380545789,1380588385,74.04,1380578400,43.6,1380542400,1380520800,9.96,236,5.08
0,2013-10-31 00:00:00,42.93,1383253200,19.51,1383217200,0.01,Huerfano,19.38,0.53,1383199200Huerfano,37.664501,-105.0917903,0.9,,0,0,,0,,1010.47,CO,1383225963,1383264260,47.48,1383253200,26.38,1383220800,1383199200,9.92,279,6.59
0,2013-11-30 00:00:00,40.05,1385845200,11.12,1385805600,0.01,Huerfano,9.95,0.49,1385794800Huerfano,37.664501,-105.0917903,0.92,,0,0,,0,,1024.98,CO,1385819855,1385855027,41.61,1385845200,19.42,1385805600,1385794800,8.85,301,2.48
0,2013-12-31 00:00:00,30.56,1388523600,3.82,1388473200,0.01,Huerfano,9.56,0.57,1388473200Huerfano,37.664501,-105.0917903,0.97,,0,0,,0,,1022.52,CO,1388499396,1388533967,37.52,1388523600,13.91,1388487600,1388473200,9.54,268,4.18
0,2014-01-31 00:00:00,23.24,1391198400,16.49,1391230800,0.06,Huerfano,22.84,0.84,1391151600Huerfano,37.664501,-105.0917903,0.04,0.469,0.0019,0.0063,1391216400,0.3,snow,1006.86,CO,1391177173,1391214236,30.87,1391198400,22.28,1391234400,1391151600,7.2,216,5.45
0,2014-02-28 00:00:00,43.98,1393624800,21.7,1393592400,0.03,Huerfano,21.12,0.51,1393570800Huerfano,37.664501,-105.0917903,0.98,,0,0,,0,,1004.46,CO,1393594474,1393635248,49.35,1393624800,30.22,1393592400,1393570800,9.7,258,9.51
0,2014-03-31 00:00:00,52.47,1396303200,21,1396267200,0.01,Huerfano,6.02,0.25,1396245600Huerfano,37.664501,-105.0917903,0.04,,0,0,,0,,1007.15,CO,1396270094,1396315381,52.47,1396303200,32,1396267200,1396245600,9.97,274,12.92
0,2014-04-30 00:00:00,42.33,1398895200,19.42,1398852000,0.16,Huerfano,20.57,0.53,1398837600Huerfano,37.664501,-105.0917903,0.05,,0.0001,0.001,1398852000,0.01,rain,1023.19,CO,1398859623,1398909027,47.35,1398895200,26.91,1398859200,1398837600,9.33,23,9.36
0,2014-05-31 00:00:00,79.15,1401573600,45.36,1401534000,0.07,Huerfano,46.44,0.57,1401516000Huerfano,37.664501,-105.0917903,0.1,,0.0002,0.0038,1401584400,0.14,rain,1013.44,CO,1401536535,1401589010,80.27,1401573600,48.22,1401537600,1401516000,9.98,203,2.11
0,2014-06-30 00:00:00,82.24,1404154800,57.07,1404122400,0.07,Huerfano,34.84,0.3,1404108000Huerfano,37.664501,-105.0917903,0.11,,0.0005,0.0048,1404183600,0.2,rain,1007.41,CO,1404128594,1404181631,85.5,1404154800,57.07,1404122400,1404108000,9.97,274,2.09
0,2014-07-31 00:00:00,60.86,1406840400,51.53,1406800800,0.3,Huerfano,51.95,0.87,1406786400Huerfano,37.664501,-105.0917903,0.15,,0.0039,0.0277,1406790000,0.64,rain,1021.57,CO,1406808272,1406859082,60.86,1406840400,51.53,1406800800,1406786400,6.2,114,2.35
0,2014-08-31 00:00:00,79.89,1409515200,51.89,1409486400,0.05,Huerfano,41.06,0.42,1409464800Huerfano,37.664501,-105.0917903,0.2,,0,0,,0,,1007.57,CO,1409488273,1409535187,81.76,1409515200,51.89,1409486400,1409464800,10,247,6.07
0,2014-09-30 00:00:00,59.98,1412110800,34.65,1412074800,0.07,Huerfano,32.83,0.58,1412056800Huerfano,37.664501,-105.0917903,0.22,,0.0006,0.0125,1412103600,0.54,rain,1008.73,CO,1412081776,1412124409,59.98,1412110800,36.28,1412082000,1412056800,9.71,251,3.63
0,2014-10-31 00:00:00,55.38,1414789200,27.86,1414749600,0.02,Huerfano,24.06,0.52,1414735200Huerfano,37.664501,-105.0917903,0.28,,0,0,,0,,1025.27,CO,1414761947,1414800277,55.38,1414789200,29.51,1414760400,1414735200,9.99,187,5.81
0,2014-11-30 00:00:00,45.05,1417377600,17.63,1417413600,0.03,Huerfano,10.8,0.36,1417330800Huerfano,37.664501,-105.0917903,0.3,,0,0,,0,,1012.74,CO,1417355840,1417391031,49.48,1417377600,23.71,1417413600,1417330800,9.99,207,5.51
0,2014-12-31 00:00:00,15.32,1420059600,-7.91,1420027200,0.07,Huerfano,1.57,0.74,1420009200Huerfano,37.664501,-105.0917903,0.36,0.046,0.0001,0.0019,1420063200,0.05,snow,1023.88,CO,1420035393,1420069955,19.71,1420059600,-1.12,1420009200,1420009200,8.99,353,2.02
0,2015-01-31 00:00:00,33.84,1422734400,24.11,1422770400,0.32,Huerfano,28.06,0.88,1422687600Huerfano,37.664501,-105.0917903,0.4,0.154,0.0008,0.0045,1422741600,0.18,snow,1011.08,CO,1422713185,1422750218,33.84,1422734400,28.2,1422770400,1422687600,5.6,279,1.45
0,2015-02-28 00:00:00,17.48,1425157200,3.74,1425124800,0.25,Huerfano,13,0.84,1425106800Huerfano,37.664501,-105.0917903,0.35,0.235,0.0006,0.0035,1425142800,0.13,snow,1018.74,CO,1425130496,1425171232,23.02,1425157200,9.51,1425128400,1425106800,6.15,196,1.62
0,2015-03-31 00:00:00,66.7,1427835600,33.18,1427806800,0.05,Huerfano,18.17,0.31,1427781600Huerfano,37.664501,-105.0917903,0.39,,0,0,,0,,1012.33,CO,1427806118,1427851367,66.7,1427835600,35.13,1427803200,1427781600,9.99,215,3.5
0,2015-04-30 00:00:00,69.42,1430427600,36.58,1430391600,0.09,Huerfano,30.3,0.43,1430373600Huerfano,37.664501,-105.0917903,0.39,,0,0,,0,,1010.23,CO,1430395641,1430445013,69.42,1430427600,40.21,1430395200,1430373600,9.99,334,1.4
0,2015-05-31 00:00:00,74.13,1433102400,45.96,1433073600,0.11,Huerfano,43.25,0.58,1433052000Huerfano,37.664501,-105.0917903,0.43,,0.0001,0.0017,1433109600,0.04,rain,1015.62,CO,1433072541,1433124999,74.13,1433102400,46.68,1433070000,1433052000,10,259,3.81
0,2015-06-30 00:00:00,79.69,1435694400,53.49,1435662000,0.05,Huerfano,46.24,0.5,1435644000Huerfano,37.664501,-105.0917903,0.45,,0,0,,0,,1013.42,CO,1435664587,1435717632,80.81,1435694400,53.49,1435662000,1435644000,9.93,216,1.81
0,2015-07-31 00:00:00,75.77,1438376400,53.75,1438333200,0.14,Huerfano,50.39,0.64,1438322400Huerfano,37.664501,-105.0917903,0.51,,0.0003,0.0047,1438383600,0.2,rain,1019.33,CO,1438344259,1438395096,75.77,1438376400,53.75,1438333200,1438322400,9.89,112,0.76
0,2015-08-31 00:00:00,75.57,1441051200,56.17,1441018800,0.14,Huerfano,46.04,0.54,1441000800Huerfano,37.664501,-105.0917903,0.57,,0.0022,0.0232,1441062000,0.62,rain,1011.11,CO,1441024260,1441071210,75.57,1441051200,56.17,1441018800,1441000800,9.88,306,3.46
0,2015-09-30 00:00:00,70.67,1443643200,47.73,1443610800,0.14,Huerfano,44.64,0.67,1443592800Huerfano,37.664501,-105.0917903,0.6,,0.0033,0.0382,1443650400,0.68,rain,1016.97,CO,1443617762,1443660433,70.67,1443643200,48.67,1443618000,1443592800,9.37,207,2.05
0,2015-10-31 00:00:00,53.18,1446325200,22.39,1446296400,0.02,Huerfano,26.6,0.61,1446271200Huerfano,37.664501,-105.0917903,0.66,,0.0015,0.0095,1446321600,0.5,rain,1013.26,CO,1446297931,1446336294,53.18,1446325200,29.82,1446278400,1446271200,9.59,275,2.93
0,2015-11-30 00:00:00,15.44,1448917200,1.61,1448949600,0.08,Huerfano,10.11,0.69,1448866800Huerfano,37.664501,-105.0917903,0.67,0.265,0.0008,0.0047,1448910000,0.2,snow,1015.92,CO,1448891825,1448927034,26.03,1448917200,12.91,1448892000,1448866800,8.63,276,6.9
0,2015-12-31 00:00:00,22.4,1451592000,-1.8,1451570400,0.09,Huerfano,6.19,0.75,1451545200Huerfano,37.664501,-105.0917903,0.71,,0,0,,0,,1029.6,CO,1451571391,1451605943,22.4,1451592000,6.95,1451563200,1451545200,8.61,291,1.31
0,2016-01-31 00:00:00,24.72,1454277600,20.01,1454299200,0.23,Huerfano,24.98,0.81,1454223600Huerfano,37.664501,-105.0917903,0.74,0.272,0.0013,0.0032,1454259600,0.11,snow,1008.09,CO,1454249198,1454286201,32.95,1454277600,26.92,1454299200,1454223600,7.25,193,4.69
0,2016-02-29 00:00:00,54.18,1456783200,24.95,1456750800,0.04,Huerfano,18.16,0.41,1456729200Huerfano,37.664501,-105.0917903,0.72,,0,0,,0,,1011.8,CO,1456752834,1456793677,54.18,1456783200,31.38,1456750800,1456729200,9.91,290,8.07
0,2016-03-31 00:00:00,28.42,1459450800,13.78,1459429200,0.12,Huerfano,17.73,0.67,1459404000Huerfano,37.664501,-105.0917903,0.76,0.07,0.0003,0.0021,1459483200,0.06,snow,1011.9,CO,1459428450,1459473807,36.26,1459450800,19.03,1459429200,1459404000,8.06,7,4.58
0,2016-04-30 00:00:00,33.13,1462039200,21.67,1462078800,0.27,Huerfano,27.67,0.81,1461996000Huerfano,37.664501,-105.0917903,0.78,,0.003,0.0152,1462050000,0.56,rain,1012.79,CO,1462017990,1462067454,38.08,1462039200,29.78,1462078800,1461996000,6.75,352,6.38
0,2016-05-31 00:00:00,62.8,1464724800,38.09,1464692400,0.12,Huerfano,39.02,0.61,1464674400Huerfano,37.664501,-105.0917903,0.84,,0.0062,0.072,1464753600,0.75,rain,1012.22,CO,1464694923,1464747429,62.8,1464724800,42.79,1464696000,1464674400,9.29,41,3.87
0,2016-06-30 00:00:00,74.2,1467313200,51.91,1467288000,0.14,Huerfano,48.09,0.62,1467266400Huerfano,37.664501,-105.0917903,0.87,,0.0032,0.0167,1467324000,0.58,rain,1015.22,CO,1467287006,1467340029,74.2,1467313200,51.91,1467288000,1467266400,9.88,263,1.06
0,2016-07-31 00:00:00,80.41,1469995200,51.49,1469962800,0.08,Huerfano,44.99,0.48,1469944800Huerfano,37.664501,-105.0917903,0.93,,0.0001,0.0014,1470006000,0.03,rain,1007.83,CO,1469966697,1470017455,82.49,1469995200,51.49,1469962800,1469944800,9.99,306,2.42
0,2016-08-31 00:00:00,68.21,1472670000,47.92,1472644800,0.09,Huerfano,47.56,0.68,1472623200Huerfano,37.664501,-105.0917903,0.98,,0.005,0.0488,1472673600,0.71,rain,1018.83,CO,1472646697,1472693545,68.21,1472670000,48.7,1472644800,1472623200,9.79,130,1.94
0,2016-09-30 00:00:00,69.73,1475265600,46.66,1475240400,0.12,Huerfano,39.35,0.54,1475215200Huerfano,37.664501,-105.0917903,0.99,,0.0011,0.0132,1475290800,0.55,rain,1016.66,CO,1475240201,1475282764,69.73,1475265600,46.66,1475240400,1475215200,9.69,309,3.76
0,2016-10-31 00:00:00,67.82,1477944000,44.7,1477976400,0.02,Huerfano,28.35,0.38,1477893600Huerfano,37.664501,-105.0917903,0.03,,0,0,,0,,1006.59,CO,1477920377,1477958646,67.82,1477944000,46.33,1477976400,1477893600,9.97,355,4.43
0,2016-11-30 00:00:00,29.94,1480539600,-3.67,1480503600,0.01,Huerfano,4.33,0.56,1480489200Huerfano,37.664501,-105.0917903,0.04,,0,0,,0,,1016.91,CO,1480514267,1480549424,29.94,1480539600,9.89,1480514400,1480489200,9.99,22,8.69
0,2016-12-31 00:00:00,31.88,1483218000,11.75,1483182000,0.08,Huerfano,19.29,0.7,1483167600Huerfano,37.664501,-105.0917903,0.08,,0,0,,0,,1004.62,CO,1483193798,1483228377,37.37,1483218000,20.61,1483189200,1483167600,8.5,7,6.22
