asd_desc,state,cyield,irig_flag,days_under0,dewPoint,precipAccumulation,precip,days_under_n10,days_over42,days_over32,humidity,temp_delta,temperatureMin,apparentTemperatureMin,precipIntensity,y_pred
NORTHEAST,CO,91.7,1,0.0,33.6268837209,25.55,118.0,0.0,203.0,214.0,0.499395348837,24.4037674419,44.021627907,41.704372093,0.0034176744186,95.1306666667
NORTHEAST,CO,110.0,1,0.0,34.3706542056,8.03,157.0,0.0,206.0,213.0,0.522570093458,25.0960747664,42.8167757009,40.4632242991,0.00268037383178,95.1306666667
NORTHEAST,CO,95.9,1,0.0,35.7269767442,9.752,129.0,0.0,208.0,215.0,0.518465116279,25.9928837209,44.4336744186,42.092744186,0.00234976744186,95.1306666667
NORTHEAST,CO,104.2,1,0.0,37.3264018692,1.089,146.0,0.0,213.0,213.0,0.51261682243,27.4308878505,46.1962149533,43.9159813084,0.00256775700935,95.1306666667
NORTHEAST,CO,97.4,1,0.0,38.4064186047,3.805,132.0,0.0,212.0,215.0,0.52888372093,27.2719534884,46.3690697674,44.0691627907,0.00232930232558,95.1306666667
SAN LUIS VALLEY,CO,145.0,1,0.0,34.3785514019,1.254,137.0,0.0,207.0,213.0,0.531635514019,26.1640186916,40.7764018692,38.3322897196,0.00131635514019,135.631578947
SAN LUIS VALLEY,CO,135.9,1,0.0,31.5296728972,3.898,108.0,0.0,204.0,210.0,0.496448598131,27.0805607477,39.4402803738,36.1128504673,0.00122196261682,142.791666667
SAN LUIS VALLEY,CO,126.8,1,0.0,29.4163084112,2.191,106.0,0.0,212.0,214.0,0.441168224299,29.7424299065,39.7773364486,36.011588785,0.000644392523364,142.791666667
SAN LUIS VALLEY,CO,137.5,1,0.0,32.2447663551,5.621,106.0,0.0,202.0,214.0,0.507803738318,29.1075233645,38.9196728972,34.8449065421,0.00091214953271,137.315
SAN LUIS VALLEY,CO,114.5,1,0.0,34.4378037383,2.945,148.0,0.0,206.0,213.0,0.533644859813,24.8074766355,41.0868224299,38.8641588785,0.00153691588785,113.253225806
SAN LUIS VALLEY,CO,143.5,1,0.0,31.2946261682,5.791,122.0,0.0,205.0,210.0,0.49785046729,25.9307943925,39.298271028,35.9557943925,0.00150186915888,142.791666667
SAN LUIS VALLEY,CO,133.2,1,0.0,29.3065116279,3.736,113.0,0.0,210.0,215.0,0.45288372093,28.9083255814,39.1210232558,35.2746976744,0.000936279069767,137.8
SAN LUIS VALLEY,CO,127.2,1,0.0,36.126635514,2.546,148.0,0.0,204.0,213.0,0.544439252336,24.9234579439,42.3762149533,40.2069158879,0.00190981308411,110.961666667
SAN LUIS VALLEY,CO,139.8,1,0.0,32.4372897196,3.607,122.0,0.0,205.0,211.0,0.49453271028,26.2585981308,40.886588785,38.3369158879,0.00148037383178,137.315
SAN LUIS VALLEY,CO,132.6,1,0.0,30.0450232558,3.118,122.0,0.0,212.0,215.0,0.433953488372,28.6009302326,41.5987906977,38.969255814,0.00102744186047,135.631578947
SAN LUIS VALLEY,CO,148.8,1,0.0,33.0658411215,4.816,143.0,0.0,204.0,211.0,0.534906542056,23.3376635514,40.3423831776,37.7389719626,0.00143317757009,137.315
SAN LUIS VALLEY,CO,155.2,1,0.0,31.0201401869,7.316,121.0,0.0,199.0,209.0,0.508224299065,24.8217757009,38.8626168224,35.2098130841,0.00140186915888,162.1
SAN LUIS VALLEY,CO,141.6,1,0.0,29.3139534884,3.614,113.0,0.0,207.0,215.0,0.457953488372,28.2370697674,39.090744186,34.7325116279,0.000893488372093,137.8
SAN LUIS VALLEY,CO,166.7,1,0.0,31.1015813953,7.022,100.0,0.0,191.0,214.0,0.517813953488,26.7152093023,37.903255814,32.9061395349,0.000992558139535,162.1
SAN LUIS VALLEY,CO,144.5,1,0.0,32.7965420561,2.977,135.0,0.0,204.0,213.0,0.531355140187,23.6657009346,40.5064485981,36.8060747664,0.00146869158879,137.315
SAN LUIS VALLEY,CO,145.0,1,0.0,31.2290186916,6.047,103.0,0.0,200.0,210.0,0.504345794393,25.3014018692,39.5402803738,35.4276635514,0.0012308411215,142.791666667
SAN LUIS VALLEY,CO,137.8,1,0.0,27.6689302326,2.309,95.0,0.0,209.0,215.0,0.424093023256,28.3115348837,39.9170232558,35.5137674419,0.000717674418605,137.8
SAN LUIS VALLEY,CO,137.5,1,0.0,30.0847196262,5.751,94.0,0.0,197.0,214.0,0.481682242991,27.605,38.8307943925,34.3227570093,0.0010308411215,142.791666667
NORTH,ID,44.0,0,0.0,39.1369158879,0.304,85.0,0.0,211.0,214.0,0.520700934579,23.7426168224,47.390046729,45.9245327103,0.0010691588785,62.0146341463
NORTH,ID,72.8,0,0.0,37.45,0.0,0.0,0.0,1.0,1.0,0.51,28.13,44.91,44.26,0.0,62.0146341463
NORTH,ID,51.8,0,0.0,40.1214485981,0.027,147.0,0.0,210.0,214.0,0.618691588785,22.6680841121,44.656588785,42.2002803738,0.00215327102804,64.1939393939
NORTH,ID,66.1,0,0.0,39.9432242991,0.196,107.0,0.0,209.0,214.0,0.553364485981,23.2731308411,46.5782242991,45.8279439252,0.00125841121495,62.0146341463
NORTH,ID,86.4,1,0.0,44.92,0.0,1.0,0.0,1.0,1.0,0.75,15.59,43.48,43.48,0.0042,93.2029411765
NORTH,ID,69.4,0,0.0,42.0486448598,0.0,115.0,0.0,202.0,214.0,0.629672897196,20.758364486,46.1814485981,45.2952803738,0.00184813084112,56.74
NORTH,ID,77.8,1,0.0,39.2,0.0,0.0,0.0,1.0,1.0,0.55,28.36,44.41,44.41,0.0,91.1130434783
NORTH,ID,94.1,1,0.0,41.2347906977,0.011,126.0,0.0,211.0,215.0,0.659860465116,20.8006511628,44.1854883721,42.9320465116,0.00212093023256,95.1306666667
NORTH,ID,45.7,0,0.0,44.13,0.0,1.0,0.0,1.0,1.0,0.76,13.26,43.7,43.7,0.0128,52.9444444444
NORTH,ID,62.2,0,0.0,41.4897663551,1.198,110.0,0.0,208.0,214.0,0.606682242991,21.9704672897,46.5006542056,44.7710280374,0.00188504672897,56.74
NORTH,ID,41.2,0,0.0,39.9378971963,0.531,105.0,0.0,208.0,214.0,0.564485981308,25.7335981308,45.5976635514,44.5663551402,0.00175420560748,52.9444444444
NORTH,ID,67.9,0,0.0,43.65,0.0,1.0,0.0,1.0,1.0,0.78,9.4,44.62,43.22,0.0183,56.74
NORTH,ID,59.2,0,0.0,39.918411215,3.493,123.0,0.0,207.0,214.0,0.593831775701,24.4357476636,44.6209345794,42.853411215,0.00231635514019,56.74
NORTH,ID,56.4,0,0.0,38.32,0.0,0.0,0.0,1.0,1.0,0.54,32.37,43.35,41.11,0.0,64.1939393939
NORTH,ID,66.2,0,0.0,38.7105116279,5.533,147.0,0.0,200.0,215.0,0.627906976744,24.42,42.1593488372,39.7253488372,0.00324,51.9361702128
NORTH,ID,61.2,0,0.0,39.0438785047,1.356,145.0,0.0,208.0,214.0,0.632336448598,24.7721962617,42.1589719626,39.7944392523,0.0038285046729,50.1491525424
NORTH,ID,37.3,0,0.0,41.6238785047,0.08,108.0,0.0,207.0,214.0,0.604626168224,21.5945327103,46.6250934579,44.4074766355,0.00163271028037,52.9444444444
NORTH,ID,67.1,0,0.0,39.5532242991,0.233,89.0,0.0,212.0,214.0,0.518457943925,24.2748598131,47.7278971963,46.338271028,0.00104953271028,62.0146341463
NORTH,ID,64.3,0,0.0,42.93,0.0,1.0,0.0,1.0,1.0,0.68,15.15,45.24,45.24,0.0082,52.9444444444
NORTH,ID,70.6,0,0.0,41.2147663551,0.252,111.0,0.0,210.0,214.0,0.579626168224,22.368411215,47.0226635514,45.1859813084,0.00165700934579,56.74
NORTH,ID,67.8,0,0.0,37.47,0.0,0.0,0.0,1.0,1.0,0.51,29.55,43.93,43.35,0.0,64.1939393939
NORTH,ID,63.8,0,0.0,39.2376168224,0.089,148.0,0.0,211.0,214.0,0.595560747664,23.258364486,44.651728972,42.3156542056,0.00208224299065,64.1939393939
NORTH,ID,68.3,0,0.0,40.3176744186,0.0,138.0,0.0,211.0,215.0,0.60711627907,23.2725116279,45.0966046512,42.7746511628,0.00204604651163,64.1939393939
NORTH,ID,44.4,0,0.0,39.7062616822,0.324,99.0,0.0,212.0,214.0,0.523831775701,24.4390186916,47.6055607477,46.4919158879,0.00119252336449,62.0146341463
NORTH,ID,75.1,1,0.0,42.4,0.0,1.0,0.0,1.0,1.0,0.69,12.85,45.51,45.51,0.0095,93.2029411765
NORTH,ID,73.2,0,0.0,40.5474883721,0.443,122.0,0.0,210.0,215.0,0.574465116279,22.6816744186,46.5653488372,44.9515348837,0.00174697674419,56.74
NORTH,ID,72.0,0,0.0,37.98,0.0,0.0,0.0,1.0,1.0,0.51,29.45,44.61,43.46,0.0,64.1939393939
NORTH,ID,71.8,0,0.0,39.257627907,0.174,152.0,0.0,211.0,215.0,0.606093023256,23.1849767442,44.1983255814,42.0266976744,0.00260186046512,64.1939393939
NORTH,ID,67.6,0,0.0,40.0115348837,0.277,140.0,0.0,211.0,215.0,0.610697674419,23.4623255814,44.554744186,42.4901395349,0.00237860465116,64.1939393939
NORTH,ID,65.6,0,0.0,39.6364485981,0.21,96.0,0.0,212.0,214.0,0.501728971963,24.1219158879,48.963411215,47.7529906542,0.00106682242991,62.0146341463
NORTH,ID,67.4,0,0.0,38.11,0.0,0.0,0.0,1.0,1.0,0.49,28.7,46.0,45.18,0.0,62.0146341463
NORTH,ID,64.9,0,0.0,39.2323364486,0.0,149.0,0.0,213.0,214.0,0.578831775701,23.2664953271,45.535046729,43.3935046729,0.00212102803738,64.1939393939
NORTH,ID,54.7,0,0.0,40.1620930233,0.0,139.0,0.0,213.0,215.0,0.582372093023,23.5065581395,46.1262325581,44.1537674419,0.00201162790698,56.74
SOUTHWEST,ID,120.0,1,0.0,37.1413488372,0.0,115.0,0.0,214.0,215.0,0.497348837209,26.3313953488,46.6058139535,44.2819069767,0.00134604651163,95.1306666667
SOUTHWEST,ID,117.1,1,0.0,36.0417209302,0.0,115.0,0.0,213.0,215.0,0.486186046512,26.5375813953,46.0635348837,43.5849767442,0.00123348837209,110.394594595
SOUTHWEST,ID,118.2,1,0.0,37.2542990654,0.0,74.0,0.0,212.0,214.0,0.440934579439,26.7707476636,48.653411215,46.73,0.000722429906542,110.961666667
SOUTHWEST,ID,116.3,1,0.0,37.8625116279,0.0,115.0,0.0,214.0,215.0,0.508651162791,27.3438604651,45.8898139535,43.4934883721,0.00155627906977,95.1306666667
SOUTHWEST,ID,116.7,1,0.0,36.4538139535,0.054,121.0,0.0,215.0,215.0,0.487209302326,27.9011162791,45.1714418605,42.593255814,0.00143209302326,95.1306666667
SOUTHWEST,ID,63.3,0,0.0,37.8926635514,0.0,95.0,0.0,213.0,214.0,0.466635514019,26.8679439252,47.8003738318,46.4296728972,0.000831775700935,62.0146341463
SOUTHWEST,ID,61.4,0,0.0,36.5084579439,0.113,101.0,0.0,210.0,214.0,0.462523364486,26.0088317757,46.941682243,45.0579906542,0.00100420560748,51.415942029
SOUTHWEST,ID,72.9,0,0.0,35.9164651163,0.105,119.0,0.0,212.0,215.0,0.520511627907,26.7944186047,43.3569767442,41.0532093023,0.00169255813953,64.1939393939
SOUTHWEST,ID,115.0,1,0.0,37.0235514019,0.0,86.0,0.0,213.0,214.0,0.430514018692,26.1790654206,49.6244392523,48.1351869159,0.000711682242991,110.961666667
SOUTHWEST,ID,100.0,1,0.0,35.9307943925,0.032,87.0,0.0,212.0,214.0,0.424719626168,25.6923364486,49.1289252336,47.3229439252,0.00101401869159,110.961666667
SOUTHWEST,ID,104.4,1,0.0,36.8351627907,0.0,111.0,0.0,214.0,215.0,0.498418604651,26.6324186047,46.1106976744,43.7648837209,0.00127441860465,110.394594595
SOUTHWEST,ID,104.4,1,0.0,35.2769302326,0.248,106.0,0.0,214.0,215.0,0.479023255814,27.0674418605,45.6081860465,43.1430697674,0.00105953488372,110.961666667
SOUTHWEST,ID,86.7,1,0.0,37.1004672897,0.057,97.0,0.0,212.0,214.0,0.456401869159,26.3325233645,47.9143457944,46.0531775701,0.000885514018692,110.961666667
SOUTHWEST,ID,69.1,0,0.0,37.8530373832,0.0,93.0,0.0,213.0,214.0,0.486168224299,27.3364018692,46.311728972,44.9540654206,0.000933177570093,62.0146341463
SOUTH CENTRAL,ID,116.0,1,0.0,36.4719158879,0.742,102.0,0.0,211.0,214.0,0.485514018692,24.8135981308,45.9347196262,44.2375233645,0.00107289719626,115.034146341
SOUTH CENTRAL,ID,107.1,1,0.0,34.9110280374,1.628,100.0,0.0,200.0,212.0,0.474626168224,24.4532242991,45.2286448598,43.1123831776,0.00112897196262,115.034146341
SOUTH CENTRAL,ID,113.5,1,0.0,34.935627907,3.864,130.0,0.0,195.0,214.0,0.532325581395,25.0351627907,42.416,39.6246046512,0.00132325581395,113.253225806
SOUTH CENTRAL,ID,113.6,1,0.0,33.4926511628,3.546,121.0,0.0,201.0,215.0,0.512186046512,25.0684651163,42.0431162791,39.3439069767,0.00173395348837,113.253225806
SOUTH CENTRAL,ID,30.2,0,0.0,35.2513084112,0.465,100.0,0.0,205.0,214.0,0.465981308411,25.1555607477,45.8159345794,43.9961682243,0.00101261682243,40.0592592593
SOUTH CENTRAL,ID,22.5,0,0.0,35.3198604651,3.038,134.0,0.0,204.0,215.0,0.52888372093,25.7177674419,42.8017674419,40.5597674419,0.00156744186047,39.7081081081
SOUTH CENTRAL,ID,28.6,0,0.0,34.0420930233,2.093,122.0,0.0,208.0,215.0,0.511627906977,25.7506046512,42.4566046512,40.284744186,0.00151581395349,41.3391304348
SOUTH CENTRAL,ID,132.2,1,0.0,37.2444392523,0.222,88.0,0.0,206.0,214.0,0.470794392523,23.6990186916,48.2318691589,45.9396728972,0.000780841121495,115.034146341
SOUTH CENTRAL,ID,121.9,1,0.0,37.6829302326,1.563,121.0,0.0,208.0,215.0,0.532976744186,24.4259069767,45.6035348837,42.7052093023,0.00132558139535,113.253225806
SOUTH CENTRAL,ID,128.2,1,0.0,35.5600465116,0.0,110.0,0.0,210.0,215.0,0.50111627907,25.8874883721,44.6659069767,41.5682325581,0.00106186046512,115.034146341
SOUTH CENTRAL,ID,115.5,1,0.0,35.7264485981,0.37,91.0,0.0,208.0,214.0,0.453878504673,24.9104205607,47.3040654206,45.1358878505,0.000853271028037,115.034146341
SOUTH CENTRAL,ID,123.3,1,0.0,36.109255814,2.053,131.0,0.0,212.0,215.0,0.519348837209,25.6534883721,44.3273488372,41.4773953488,0.00126604651163,113.253225806
SOUTH CENTRAL,ID,122.5,1,0.0,36.7004672897,0.253,95.0,0.0,212.0,214.0,0.449158878505,24.6694859813,48.7251401869,46.4323364486,0.000994859813084,115.034146341
SOUTH CENTRAL,ID,132.7,1,0.0,36.4088317757,0.177,84.0,0.0,207.0,214.0,0.461121495327,24.5627102804,47.9129906542,45.0880841121,0.000640654205607,115.034146341
SOUTH CENTRAL,ID,136.4,1,0.0,36.8992093023,1.749,110.0,0.0,211.0,215.0,0.528093023256,25.376,45.1070697674,41.4821860465,0.00108511627907,115.034146341
SOUTH CENTRAL,ID,135.4,1,0.0,34.9107906977,0.729,106.0,0.0,212.0,215.0,0.497627906977,25.8044186047,44.619627907,40.9909767442,0.00091023255814,115.034146341
SOUTH CENTRAL,ID,132.1,1,0.0,36.6076635514,0.399,95.0,0.0,212.0,214.0,0.465794392523,24.9438317757,47.3231775701,45.4843925234,0.000968691588785,115.034146341
SOUTH CENTRAL,ID,113.3,1,0.0,35.6626168224,0.562,96.0,0.0,203.0,214.0,0.465747663551,24.7021962617,46.5645794393,44.2215420561,0.000772429906542,115.034146341
SOUTH CENTRAL,ID,126.8,1,0.0,35.9017674419,1.989,126.0,0.0,207.0,215.0,0.528790697674,25.4273488372,43.6913488372,40.5730232558,0.00117813953488,115.034146341
SOUTH CENTRAL,ID,123.9,1,0.0,37.1552803738,0.557,106.0,0.0,212.0,214.0,0.480420560748,25.1442523364,46.9047663551,45.1984579439,0.00109252336449,115.034146341
SOUTH CENTRAL,ID,126.0,1,0.0,36.2870560748,0.817,103.0,0.0,200.0,214.0,0.48238317757,24.7157943925,46.1141588785,43.7287383178,0.000774299065421,115.034146341
SOUTH CENTRAL,ID,131.8,1,0.0,36.5365581395,1.967,130.0,0.0,202.0,215.0,0.544186046512,25.3338139535,43.3940465116,40.2426976744,0.00123627906977,113.253225806
SOUTH CENTRAL,ID,127.0,1,0.0,34.7461860465,2.322,119.0,0.0,207.0,215.0,0.517674418605,25.9626046512,42.8318139535,39.7200930233,0.00116976744186,115.034146341
SOUTH CENTRAL,ID,124.6,1,0.0,36.3247663551,0.22,88.0,0.0,212.0,214.0,0.423224299065,24.2651869159,50.2046261682,48.171635514,0.000897663551402,115.034146341
SOUTH CENTRAL,ID,119.7,1,0.0,36.0152803738,0.14,88.0,0.0,207.0,214.0,0.435700934579,24.215046729,49.2246728972,46.5514953271,0.000724299065421,115.034146341
EAST,ID,46.3,0,0.0,36.298372093,3.126,139.0,0.0,198.0,215.0,0.551023255814,25.145627907,42.7202790698,39.5604186047,0.00151395348837,62.1875
EAST,ID,59.8,0,0.0,34.348028169,3.215,129.0,0.0,201.0,213.0,0.522300469484,26.8396244131,41.744600939,38.5562441315,0.00121830985915,64.1939393939
EAST,ID,69.0,0,0.0,36.1075233645,2.424,101.0,0.0,205.0,212.0,0.532336448598,25.2471962617,43.2511214953,42.1625700935,0.00163925233645,62.1875
EAST,ID,65.6,0,0.0,34.6467757009,1.226,105.0,0.0,192.0,210.0,0.496635514019,24.3445327103,43.8428037383,42.0910280374,0.00105327102804,62.1875
EAST,ID,66.5,0,0.0,35.364372093,8.664,141.0,0.0,191.0,215.0,0.556186046512,24.9259069767,41.6508372093,39.1445581395,0.00178790697674,62.1875
EAST,ID,94.8,1,0.0,37.3169158879,1.311,100.0,0.0,210.0,212.0,0.520560747664,25.9128037383,44.4847663551,42.7299065421,0.00131962616822,95.1306666667
EAST,ID,104.2,1,0.0,35.7906976744,3.961,133.0,0.0,196.0,215.0,0.562744186047,25.5811162791,41.4441860465,38.1482325581,0.00133209302326,95.1306666667
EAST,ID,100.8,1,0.0,34.2131924883,4.884,125.0,0.0,197.0,213.0,0.533755868545,26.8263849765,40.9802347418,37.6956338028,0.0012014084507,95.1306666667
EAST,ID,99.4,1,0.0,35.4971028037,2.512,108.0,0.0,204.0,212.0,0.562009345794,26.7276168224,40.0792523364,37.9169158879,0.00148177570093,95.1306666667
EAST,ID,105.0,1,0.0,35.0952803738,4.33,123.0,0.0,186.0,209.0,0.54761682243,25.7942990654,40.3188317757,37.6289719626,0.000978971962617,95.256
EAST,ID,103.9,1,0.0,34.1658604651,9.684,146.0,0.0,180.0,214.0,0.582465116279,26.118372093,38.4620465116,35.1237209302,0.00159674418605,95.1306666667
EAST,ID,99.4,1,0.0,32.7762616822,7.631,136.0,0.0,192.0,214.0,0.559813084112,27.769953271,37.7292990654,34.5214953271,0.0014523364486,93.9520547945
EAST,ID,87.3,1,0.0,36.2476168224,1.004,112.0,0.0,209.0,213.0,0.507242990654,25.3210747664,44.1352336449,42.741682243,0.00131775700935,95.1306666667
EAST,ID,99.3,1,0.0,35.6047196262,1.879,121.0,0.0,193.0,211.0,0.510093457944,24.7545327103,43.2075700935,41.123317757,0.00114813084112,97.8875
EAST,ID,99.6,1,0.0,34.6693023256,4.197,135.0,0.0,191.0,215.0,0.544511627907,25.3982325581,41.1462790698,38.2046511628,0.00133720930233,95.1306666667
EAST,ID,90.8,1,0.0,33.4893457944,5.859,134.0,0.0,196.0,213.0,0.528037383178,25.5978971963,40.7757009346,37.8779906542,0.00187523364486,95.1306666667
EAST,ID,81.5,1,0.0,35.8402336449,1.651,102.0,0.0,205.0,212.0,0.55523364486,26.2710280374,41.081682243,39.5996728972,0.00145794392523,95.1306666667
EAST,ID,63.5,0,0.0,34.400046729,2.502,108.0,0.0,191.0,210.0,0.512056074766,24.7637383178,42.4232242991,40.5253271028,0.00085046728972,62.1875
EAST,ID,66.9,0,0.0,35.0211627907,8.77,145.0,0.0,188.0,215.0,0.563209302326,25.8648837209,40.3176744186,37.4310232558,0.00162651162791,62.1875
EAST,ID,66.4,0,0.0,32.998411215,7.337,136.0,0.0,197.0,214.0,0.532429906542,28.0258411215,39.2991121495,36.5128504673,0.00127429906542,64.1939393939
EAST,ID,102.5,1,0.0,35.4842056075,3.684,130.0,0.0,191.0,210.0,0.546822429907,25.5138785047,40.3803738318,38.581682243,0.00147710280374,95.1306666667
EAST,ID,76.1,1,0.0,32.9848372093,5.077,134.0,0.0,195.0,215.0,0.525906976744,27.154372093,39.6692093023,37.4944186047,0.00157581395349,93.9520547945
EAST,ID,68.5,0,0.0,37.2391588785,2.446,90.0,0.0,209.0,214.0,0.493504672897,24.6252336449,46.9914485981,45.6747196262,0.00174065420561,62.1875
EAST,ID,66.7,0,0.0,35.9306074766,0.458,100.0,0.0,195.0,211.0,0.491962616822,24.0691121495,45.5687850467,43.6785514019,0.00103271028037,62.1875
EAST,ID,74.5,0,0.0,36.7380465116,4.015,138.0,0.0,199.0,215.0,0.555906976744,24.5608372093,43.2490697674,40.7406046512,0.00174,62.1875
EAST,ID,72.3,0,0.0,34.4659345794,2.646,120.0,0.0,204.0,214.0,0.516121495327,26.900046729,42.5252336449,40.0126635514,0.00122102803738,64.1939393939
EAST,ID,93.7,1,0.0,35.2507943925,2.613,122.0,0.0,205.0,211.0,0.563878504673,26.1400934579,39.7921028037,38.2028037383,0.00151869158879,95.1306666667
EAST,ID,91.0,1,0.0,35.9719158879,4.958,129.0,0.0,184.0,209.0,0.57453271028,25.3271495327,39.3859813084,37.1231308411,0.00121074766355,95.1306666667
EAST,ID,82.0,1,0.0,33.3488372093,12.757,160.0,0.0,176.0,213.0,0.582976744186,25.8682790698,37.4784651163,34.4427906977,0.0018823255814,95.1306666667
EAST,ID,72.2,0,0.0,32.8072897196,7.829,158.0,0.0,193.0,214.0,0.572570093458,26.8999065421,37.0972897196,34.6163084112,0.00183037383178,64.1939393939
EAST,ID,103.4,1,0.0,36.0941588785,1.202,106.0,0.0,207.0,212.0,0.543457943925,26.5262149533,41.6043925234,39.7939719626,0.00136448598131,95.1306666667
EAST,ID,104.4,1,0.0,35.6962149533,2.383,125.0,0.0,191.0,210.0,0.53476635514,25.5840654206,41.5218691589,39.1023831776,0.00121028037383,95.1306666667
EAST,ID,102.8,1,0.0,34.42,6.529,142.0,0.0,186.0,215.0,0.567627906977,25.9366046512,39.4579069767,36.1238139535,0.00149627906977,95.1306666667
EAST,ID,105.8,1,0.0,33.2079439252,7.027,142.0,0.0,195.0,214.0,0.553925233645,26.7338785047,38.6554672897,35.4877570093,0.00154345794393,95.1306666667
EAST,ID,96.8,1,0.0,35.5638785047,1.177,104.0,0.0,206.0,212.0,0.550934579439,26.9419158879,40.5818224299,38.3240186916,0.00134439252336,95.1306666667
EAST,ID,83.9,1,0.0,35.1828037383,3.886,120.0,0.0,186.0,210.0,0.54714953271,25.8561214953,40.4257009346,37.6953271028,0.0010023364486,95.256
EAST,ID,89.3,1,0.0,34.3770232558,8.178,143.0,0.0,185.0,215.0,0.583069767442,26.1548372093,38.6461395349,35.0218604651,0.00154279069767,95.1306666667
EAST,ID,84.4,1,0.0,33.2219626168,6.842,140.0,0.0,195.0,214.0,0.569112149533,27.5728504673,37.71,34.3571028037,0.00147056074766,93.9520547945
EAST,ID,89.6,1,0.0,37.841635514,1.042,91.0,0.0,210.0,214.0,0.474112149533,24.1449065421,48.7095794393,47.0813551402,0.00165607476636,95.1306666667
EAST,ID,47.3,0,0.0,36.581728972,0.517,95.0,0.0,202.0,212.0,0.468364485981,23.1631775701,48.0021028037,45.7051869159,0.00096214953271,62.1875
EAST,ID,70.3,0,0.0,37.7885116279,2.088,130.0,0.0,204.0,215.0,0.540697674419,23.7601860465,45.54,42.6546511628,0.00160139534884,64.1939393939
EAST,ID,42.0,0,0.0,35.4485046729,0.792,117.0,0.0,208.0,214.0,0.503317757009,25.6124766355,44.6470093458,41.7407943925,0.00117476635514,62.1875
EAST,ID,68.5,0,0.0,36.4152803738,0.7,96.0,0.0,199.0,212.0,0.483037383178,24.3773364486,46.3179439252,44.1339252336,0.000844392523364,62.1875
EAST,ID,74.2,0,0.0,34.2874766355,5.357,123.0,0.0,179.0,208.0,0.563551401869,25.753411215,38.739953271,35.9744392523,0.00106495327103,62.1875
NORTHWEST,MT,62.8,0,0.0,38.0670093458,5.358,136.0,0.0,184.0,203.0,0.632757009346,22.5518224299,40.7050934579,37.2788317757,0.00234859813084,51.415942029
NORTHWEST,MT,58.5,0,0.0,37.4928504673,8.234,150.0,0.0,183.0,203.0,0.611635514019,21.1307009346,41.7043457944,38.7756542056,0.00205841121495,46.3068181818
NORTHWEST,MT,83.3,1,0.0,36.480046729,2.918,133.0,0.0,194.0,207.0,0.545607476636,24.3155140187,42.5919158879,39.9813551402,0.00152943925234,93.2029411765
NORTH CENTRAL,MT,32.8,0,0.0,38.2967757009,2.592,145.0,0.0,203.0,210.0,0.567336448598,23.0034579439,43.9742523364,40.9793925234,0.00186869158879,46.3068181818
NORTH CENTRAL,MT,51.8,0,0.0,39.2058411215,3.132,132.0,0.0,184.0,199.0,0.625700934579,21.6115420561,42.6956074766,39.8264953271,0.00253130841121,46.3068181818
NORTH CENTRAL,MT,48.6,0,0.0,36.9874883721,1.267,114.0,0.0,204.0,210.0,0.543348837209,23.2156744186,44.2794883721,41.2005581395,0.00177534883721,50.1491525424
NORTH CENTRAL,MT,42.5,0,0.0,37.9347663551,4.335,125.0,0.0,190.0,202.0,0.583037383178,23.1678971963,42.8361214953,39.8546261682,0.00220093457944,46.3068181818
NORTH CENTRAL,MT,38.4,0,0.0,35.9363551402,11.753,165.0,0.0,198.0,205.0,0.593738317757,22.228317757,40.4376168224,36.9269626168,0.00176355140187,50.1491525424
NORTH CENTRAL,MT,46.0,0,0.0,36.6353738318,9.62,166.0,0.0,178.0,197.0,0.643271028037,20.7985514019,39.4957943925,35.4148130841,0.0022308411215,51.415942029
NORTH CENTRAL,MT,25.9,0,0.0,37.6698604651,1.8,137.0,0.0,205.0,210.0,0.563674418605,24.6378604651,42.9902325581,39.7113953488,0.00163860465116,43.8583333333
NORTH CENTRAL,MT,58.6,0,0.0,39.1873364486,2.266,120.0,0.0,184.0,199.0,0.622476635514,22.6601869159,42.4848598131,39.3362616822,0.00261121495327,51.415942029
NORTH CENTRAL,MT,49.4,0,0.0,38.1497663551,2.287,120.0,0.0,184.0,200.0,0.611962616822,23.1320093458,41.7991588785,38.2131775701,0.00223037383178,51.415942029
NORTH CENTRAL,MT,51.2,0,0.0,39.7035514019,6.055,139.0,0.0,181.0,196.0,0.640700934579,21.6753738318,42.5565420561,39.5272897196,0.00247242990654,46.3068181818
NORTH CENTRAL,MT,54.5,0,0.0,35.688411215,3.457,105.0,0.0,205.0,212.0,0.542803738318,23.4155607477,42.9060280374,39.728271028,0.00161682242991,50.1491525424
NORTH CENTRAL,MT,52.0,0,0.0,36.4914018692,6.045,141.0,0.0,187.0,202.0,0.6,22.2319626168,41.0360747664,37.2526635514,0.00194345794393,51.415942029
NORTH CENTRAL,MT,72.1,0,0.0,35.3397674419,2.409,111.0,0.0,203.0,212.0,0.528372093023,23.2186511628,43.6007906977,40.559627907,0.00161813953488,51.415942029
NORTH CENTRAL,MT,64.2,0,0.0,36.7135981308,5.315,145.0,0.0,190.0,204.0,0.577196261682,22.7304672897,42.0618691589,38.7250934579,0.00183785046729,46.3068181818
NORTH CENTRAL,MT,29.7,0,0.0,36.651682243,4.238,125.0,0.0,204.0,212.0,0.568364485981,24.9165420561,41.8590654206,38.4757476636,0.00142336448598,43.8583333333
NORTH CENTRAL,MT,49.1,0,0.0,37.4264485981,3.858,142.0,0.0,183.0,199.0,0.631168224299,22.4492523364,40.6874766355,36.6547196262,0.00221214953271,51.415942029
NORTHEAST,MT,36.1,0,0.0,40.923364486,15.302,111.0,0.0,189.0,199.0,0.617943925234,24.5458411215,43.7459813084,40.6648130841,0.00272056074766,51.415942029
NORTHEAST,MT,42.1,0,0.0,40.7576168224,42.653,143.0,0.0,175.0,192.0,0.649018691589,21.553271028,43.2675233645,40.0095794393,0.00297523364486,46.3068181818
NORTHEAST,MT,57.0,0,0.0,41.5853271028,75.434,139.0,0.0,170.0,187.0,0.690981308411,21.2361214953,42.3328504673,39.006588785,0.00321962616822,46.3068181818
NORTHEAST,MT,42.0,0,0.0,40.9040654206,8.847,90.0,0.0,202.0,210.0,0.605140186916,26.3194392523,43.2959345794,40.1140186916,0.00177570093458,46.3068181818
NORTHEAST,MT,63.3,0,0.0,40.925,75.274,122.0,0.0,162.0,182.0,0.716822429907,20.263317757,41.0462616822,37.4731775701,0.00327336448598,51.415942029
NORTHEAST,MT,50.4,0,0.0,40.183271028,11.199,122.0,0.0,177.0,191.0,0.644345794393,21.828317757,43.0735981308,39.3693925234,0.00229112149533,51.415942029
CENTRAL,MT,45.6,0,0.0,35.7245794393,2.739,129.0,0.0,193.0,207.0,0.534672897196,24.0846261682,42.6110747664,39.8463551402,0.00169626168224,46.3068181818
CENTRAL,MT,51.1,0,0.0,36.3518604651,0.471,103.0,0.0,205.0,212.0,0.530465116279,24.1029767442,44.2266976744,41.3299534884,0.00171581395349,49.2666666667
CENTRAL,MT,51.1,0,0.0,37.1602336449,5.162,106.0,0.0,193.0,204.0,0.559579439252,24.3514485981,42.9940186916,39.913271028,0.0017285046729,46.3068181818
CENTRAL,MT,43.7,0,0.0,38.2530841121,5.011,122.0,0.0,192.0,202.0,0.593457943925,22.7837850467,42.8090654206,39.5825700935,0.00235093457944,46.3068181818
CENTRAL,MT,49.1,0,0.0,36.546588785,2.601,109.0,0.0,204.0,210.0,0.549018691589,22.4840186916,43.7555140187,40.5214018692,0.0020523364486,49.2666666667
CENTRAL,MT,37.1,0,0.0,36.1081775701,4.692,109.0,0.0,191.0,202.0,0.569719626168,22.9171962617,41.6258411215,37.8881775701,0.00204392523364,46.3068181818
CENTRAL,MT,52.6,0,0.0,36.5424186047,1.256,120.0,0.0,204.0,211.0,0.538930232558,23.0273488372,44.0911162791,41.2778139535,0.00183069767442,49.2666666667
CENTRAL,MT,33.5,0,0.0,36.1831775701,3.747,130.0,0.0,192.0,203.0,0.551261682243,23.6287850467,42.3853271028,39.4944392523,0.00187336448598,43.8583333333
CENTRAL,MT,29.2,0,0.0,38.5503271028,4.501,125.0,0.0,192.0,202.0,0.573177570093,22.4413084112,44.2393457944,41.0887383178,0.00223785046729,43.8583333333
CENTRAL,MT,48.0,0,0.0,37.2400934579,2.739,115.0,0.0,203.0,210.0,0.558551401869,23.1241121495,43.8944392523,40.1662149533,0.00193504672897,49.2666666667
CENTRAL,MT,29.9,0,0.0,36.7873831776,2.199,117.0,0.0,193.0,203.0,0.567523364486,23.7908878505,42.2561682243,37.9518224299,0.00203317757009,46.3068181818
SOUTHWEST,MT,92.5,1,0.0,33.648411215,2.383,103.0,0.0,204.0,213.0,0.521308411215,27.771635514,39.3014953271,36.0885981308,0.0018191588785,95.1306666667
SOUTHWEST,MT,100.0,1,0.0,33.5308878505,4.055,117.0,0.0,191.0,210.0,0.526869158879,26.8319626168,38.7384579439,35.3672897196,0.0017785046729,95.1306666667
SOUTHWEST,MT,61.6,0,0.0,35.9746728972,1.27,128.0,0.0,202.0,211.0,0.550981308411,25.2770093458,41.5706542056,39.4828504673,0.00166261682243,43.8583333333
SOUTHWEST,MT,56.5,0,0.0,36.0837850467,3.311,133.0,0.0,189.0,207.0,0.56476635514,25.4593457944,40.1043457944,37.194953271,0.00169392523364,46.3068181818
SOUTH CENTRAL,MT,87.4,1,0.0,38.0642523364,0.553,118.0,0.0,208.0,211.0,0.505887850467,23.8907009346,47.4104205607,44.9707943925,0.00132523364486,113.253225806
SOUTH CENTRAL,MT,73.7,0,0.0,38.9238317757,3.774,121.0,0.0,193.0,206.0,0.530280373832,23.0554205607,46.7447663551,44.0331308411,0.00153925233645,62.0146341463
SOUTH CENTRAL,MT,112.3,1,0.0,36.0019158879,1.142,137.0,0.0,204.0,211.0,0.516308411215,23.6919626168,44.503411215,41.8987383178,0.00138037383178,113.253225806
SOUTH CENTRAL,MT,38.8,0,0.0,37.2280841121,2.777,124.0,0.0,193.0,205.0,0.544252336449,23.7353738318,43.286635514,40.1664018692,0.00148177570093,46.3068181818
SOUTH CENTRAL,MT,43.8,0,0.0,35.9807009346,1.639,128.0,0.0,203.0,211.0,0.54214953271,24.4747663551,42.4962149533,39.8292990654,0.00169626168224,46.3068181818
SOUTH CENTRAL,MT,43.4,0,0.0,36.2509813084,3.399,134.0,0.0,189.0,204.0,0.559906542056,24.7578971963,40.8409345794,37.4830841121,0.00167336448598,46.3068181818
SOUTH CENTRAL,MT,48.8,0,0.0,36.655,1.267,134.0,0.0,204.0,211.0,0.534813084112,23.1037383178,44.2461214953,41.54,0.00172009345794,46.3068181818
SOUTH CENTRAL,MT,108.3,1,0.0,39.9824766355,5.594,119.0,0.0,193.0,205.0,0.566775700935,23.0892056075,45.811728972,43.0870093458,0.00216869158879,97.8875
SOUTH CENTRAL,MT,54.7,0,0.0,37.7758878505,1.312,129.0,0.0,204.0,211.0,0.515841121495,22.8582242991,46.7565420561,44.0888785047,0.00164065420561,56.74
SOUTH CENTRAL,MT,64.5,0,0.0,38.6361214953,3.716,123.0,0.0,194.0,203.0,0.543598130841,22.3802336449,46.005,42.9327102804,0.00195327102804,56.74
SOUTHEAST,MT,55.0,0,0.0,49.57,0.0,0.0,0.0,187.0,187.0,0.67,21.11,53.37,53.37,0.0,51.415942029
SOUTHEAST,MT,33.8,0,0.0,40.0840654206,48.76,138.0,0.0,183.0,200.0,0.595,21.3722429907,45.2073364486,41.9769158879,0.00328224299065,46.3068181818
SOUTHEAST,MT,103.1,1,0.0,40.8335514019,10.854,246.0,0.0,380.0,408.0,0.581401869159,22.6942523364,46.1210280374,43.1908878505,0.0021476635514,95.1306666667
SOUTHEAST,MT,95.6,1,0.0,37.5906074766,0.11,94.0,0.0,210.0,213.0,0.459485981308,26.7071495327,48.2347663551,45.791635514,0.000863551401869,110.961666667
SOUTHEAST,MT,85.5,1,0.0,40.9465581395,0.401,139.0,0.0,207.0,215.0,0.606465116279,24.8446046512,45.4898139535,42.5197209302,0.00228279069767,95.1306666667
NORTHWEST,WY,86.8,1,0.0,32.7076168224,18.117,110.0,0.0,190.0,205.0,0.47285046729,22.5451401869,44.3800934579,41.3755140187,0.000992056074766,97.8875
NORTHWEST,WY,110.0,1,0.0,34.9831308411,1.936,123.0,0.0,204.0,211.0,0.511214953271,22.3645794393,44.6514485981,42.1776635514,0.00132056074766,95.1306666667
NORTHWEST,WY,92.7,1,0.0,33.7782242991,13.226,134.0,0.0,187.0,205.0,0.507009345794,21.1608878505,43.9280841121,40.4586448598,0.00113785046729,97.8875
NORTHWEST,WY,103.6,1,0.0,34.7494859813,2.217,133.0,0.0,204.0,211.0,0.530373831776,23.8455607477,42.1263084112,39.7703271028,0.00139485981308,95.1306666667
NORTHWEST,WY,86.8,1,0.0,35.0780841121,5.44,132.0,0.0,186.0,205.0,0.549345794393,23.3946728972,40.9181775701,38.3073364486,0.00126308411215,93.9520547945
NORTHWEST,WY,104.6,1,0.0,35.621682243,11.239,115.0,0.0,190.0,206.0,0.50046728972,22.5078037383,45.5319158879,42.601588785,0.00110093457944,97.8875
SOUTHEAST,WY,29.3,0,0.0,40.4801401869,9.821,144.0,0.0,191.0,206.0,0.576542056075,25.7655140187,45.2046728972,41.901682243,0.00166355140187,43.8583333333
SOUTHEAST,WY,83.3,1,0.0,40.3420560748,2.193,133.0,0.0,206.0,211.0,0.586074766355,24.3029906542,45.6131775701,42.5207476636,0.00270981308411,95.1306666667
SOUTHEAST,WY,82.1,1,0.0,38.9307009346,11.19,148.0,0.0,190.0,205.0,0.562757009346,25.1938317757,44.4700934579,41.0643925234,0.00170934579439,93.2029411765
